Copyright 1986-2022 Xilinx, Inc. All Rights Reserved. Copyright 2022-2023 Advanced Micro Devices, Inc. All Rights Reserved.
---------------------------------------------------------------------------------------------------------------------------------------------
| Tool Version : Vivado v.2023.1 (win64) Build 3865809 Sun May  7 15:05:29 MDT 2023
| Date         : Sat Jul 27 11:19:44 2024
| Host         : Blessing running 64-bit major release  (build 9200)
| Command      : report_control_sets -verbose -file FIR_pass_control_sets_placed.rpt
| Design       : FIR_pass
| Device       : xc7a200t
---------------------------------------------------------------------------------------------------------------------------------------------

Control Set Information

Table of Contents
-----------------
1. Summary
2. Histogram
3. Flip-Flop Distribution
4. Detailed Control Set Information

1. Summary
----------

+----------------------------------------------------------+-------+
|                          Status                          | Count |
+----------------------------------------------------------+-------+
| Total control sets                                       |   682 |
|    Minimum number of control sets                        |   682 |
|    Addition due to synthesis replication                 |     0 |
|    Addition due to physical synthesis replication        |     0 |
| Unused register locations in slices containing registers |   300 |
+----------------------------------------------------------+-------+
* Control sets can be merged at opt_design using control_set_merge or merge_equivalent_drivers
** Run report_qor_suggestions for automated merging and remapping suggestions


2. Histogram
------------

+--------------------+-------+
|       Fanout       | Count |
+--------------------+-------+
| Total control sets |   682 |
| >= 0 to < 4        |     0 |
| >= 4 to < 6        |    72 |
| >= 6 to < 8        |     3 |
| >= 8 to < 10       |     0 |
| >= 10 to < 12      |   603 |
| >= 12 to < 14      |     0 |
| >= 14 to < 16      |     2 |
| >= 16              |     2 |
+--------------------+-------+
* Control sets can be remapped at either synth_design or opt_design


3. Flip-Flop Distribution
-------------------------

+--------------+-----------------------+------------------------+-----------------+--------------+
| Clock Enable | Synchronous Set/Reset | Asynchronous Set/Reset | Total Registers | Total Slices |
+--------------+-----------------------+------------------------+-----------------+--------------+
| No           | No                    | No                     |           14150 |         3165 |
| No           | No                    | Yes                    |              33 |           11 |
| No           | Yes                   | No                     |             319 |          113 |
| Yes          | No                    | No                     |              24 |            6 |
| Yes          | No                    | Yes                    |              14 |            5 |
| Yes          | Yes                   | No                     |               0 |            0 |
+--------------+-----------------------+------------------------+-----------------+--------------+


4. Detailed Control Set Information
-----------------------------------

+--------------------+---------------------------------------------------------------------------------------------------------------------------+-----------------------------------------------------------------------------------------------------------------------------+------------------+----------------+--------------+
|    Clock Signal    |                                                       Enable Signal                                                       |                                                       Set/Reset Signal                                                      | Slice Load Count | Bel Load Count | Bels / Slice |
+--------------------+---------------------------------------------------------------------------------------------------------------------------+-----------------------------------------------------------------------------------------------------------------------------+------------------+----------------+--------------+
|  clk_50M_IBUF_BUFG |                                                                                                                           | u_FIR/fir_10k_lowpass/U0/i_synth/g_single_rate.i_single_rate/g_semi_parallel_and_smac.g_cntrl[432].address_src[2]           |                1 |              4 |         4.00 |
|  clk_50M_IBUF_BUFG |                                                                                                                           | u_FIR/fir_10k_lowpass/U0/i_synth/g_single_rate.i_single_rate/g_semi_parallel_and_smac.g_cntrl[465].address_src[2]           |                1 |              4 |         4.00 |
|  clk_50M_IBUF_BUFG |                                                                                                                           | u_FIR/fir_10k_lowpass/U0/i_synth/g_single_rate.i_single_rate/g_semi_parallel_and_smac.g_cntrl[177].address_src[2]           |                1 |              4 |         4.00 |
|  clk_50M_IBUF_BUFG |                                                                                                                           | u_FIR/fir_10k_lowpass/U0/i_synth/g_single_rate.i_single_rate/g_semi_parallel_and_smac.g_cntrl[179].address_src[2]           |                1 |              4 |         4.00 |
|  clk_50M_IBUF_BUFG |                                                                                                                           | u_FIR/fir_10k_lowpass/U0/i_synth/g_single_rate.i_single_rate/g_semi_parallel_and_smac.g_cntrl[408].address_src[2]           |                1 |              4 |         4.00 |
|  clk_50M_IBUF_BUFG |                                                                                                                           | u_FIR/fir_10k_lowpass/U0/i_synth/g_single_rate.i_single_rate/g_semi_parallel_and_smac.g_cntrl[191].address_src[2]           |                1 |              4 |         4.00 |
|  clk_50M_IBUF_BUFG |                                                                                                                           | u_FIR/fir_10k_lowpass/U0/i_synth/g_single_rate.i_single_rate/g_semi_parallel_and_smac.g_cntrl[190].address_src[2]           |                1 |              4 |         4.00 |
|  clk_50M_IBUF_BUFG |                                                                                                                           | u_FIR/fir_10k_lowpass/U0/i_synth/g_single_rate.i_single_rate/g_semi_parallel_and_smac.g_cntrl[204].address_src[2]           |                2 |              4 |         2.00 |
|  clk_50M_IBUF_BUFG |                                                                                                                           | u_FIR/fir_10k_lowpass/U0/i_synth/g_single_rate.i_single_rate/g_semi_parallel_and_smac.g_cntrl[207].address_src[2]           |                1 |              4 |         4.00 |
|  clk_50M_IBUF_BUFG |                                                                                                                           | u_FIR/fir_10k_lowpass/U0/i_synth/g_single_rate.i_single_rate/g_semi_parallel_and_smac.g_cntrl[239].address_src[2]           |                2 |              4 |         2.00 |
|  clk_50M_IBUF_BUFG |                                                                                                                           | u_FIR/fir_10k_lowpass/U0/i_synth/g_single_rate.i_single_rate/g_semi_parallel_and_smac.g_cntrl[214].address_src[2]           |                3 |              4 |         1.33 |
|  clk_50M_IBUF_BUFG |                                                                                                                           | u_FIR/fir_10k_lowpass/U0/i_synth/g_single_rate.i_single_rate/g_semi_parallel_and_smac.g_cntrl[208].address_src[1]           |                1 |              4 |         4.00 |
|  clk_50M_IBUF_BUFG |                                                                                                                           | u_FIR/fir_10k_lowpass/U0/i_synth/g_single_rate.i_single_rate/g_semi_parallel_and_smac.g_cntrl[209].address_src[2]           |                1 |              4 |         4.00 |
|  clk_50M_IBUF_BUFG |                                                                                                                           | u_FIR/fir_10k_lowpass/U0/i_synth/g_single_rate.i_single_rate/g_semi_parallel_and_smac.g_cntrl[219].address_src[1]           |                2 |              4 |         2.00 |
|  clk_50M_IBUF_BUFG |                                                                                                                           | u_FIR/fir_10k_lowpass/U0/i_synth/g_single_rate.i_single_rate/g_semi_parallel_and_smac.g_cntrl[217].address_src[2]           |                1 |              4 |         4.00 |
|  clk_50M_IBUF_BUFG |                                                                                                                           | u_FIR/fir_10k_lowpass/U0/i_synth/g_single_rate.i_single_rate/g_semi_parallel_and_smac.g_cntrl[221].address_src[2]           |                2 |              4 |         2.00 |
|  clk_50M_IBUF_BUFG |                                                                                                                           | u_FIR/fir_10k_lowpass/U0/i_synth/g_single_rate.i_single_rate/g_semi_parallel_and_smac.g_cntrl[220].address_src[2]           |                1 |              4 |         4.00 |
|  clk_50M_IBUF_BUFG |                                                                                                                           | u_FIR/fir_10k_lowpass/U0/i_synth/g_single_rate.i_single_rate/g_semi_parallel_and_smac.g_cntrl[232].address_src[1]           |                1 |              4 |         4.00 |
|  clk_50M_IBUF_BUFG |                                                                                                                           | u_FIR/fir_10k_lowpass/U0/i_synth/g_single_rate.i_single_rate/g_semi_parallel_and_smac.g_cntrl[410].address_src[2]           |                1 |              4 |         4.00 |
|  clk_50M_IBUF_BUFG |                                                                                                                           | u_FIR/fir_10k_lowpass/U0/i_synth/g_single_rate.i_single_rate/g_semi_parallel_and_smac.g_cntrl[237].address_src[2]           |                1 |              4 |         4.00 |
|  clk_50M_IBUF_BUFG |                                                                                                                           | u_FIR/fir_10k_lowpass/U0/i_synth/g_single_rate.i_single_rate/g_semi_parallel_and_smac.g_cntrl[242].address_src[2]           |                2 |              4 |         2.00 |
|  clk_50M_IBUF_BUFG |                                                                                                                           | u_FIR/fir_10k_lowpass/U0/i_synth/g_single_rate.i_single_rate/g_semi_parallel_and_smac.g_cntrl[244].address_src[2]           |                1 |              4 |         4.00 |
|  clk_50M_IBUF_BUFG |                                                                                                                           | u_FIR/fir_10k_lowpass/U0/i_synth/g_single_rate.i_single_rate/g_semi_parallel_and_smac.g_cntrl[415].address_src[2]           |                1 |              4 |         4.00 |
|  clk_50M_IBUF_BUFG |                                                                                                                           | u_FIR/fir_10k_lowpass/U0/i_synth/g_single_rate.i_single_rate/g_semi_parallel_and_smac.g_cntrl[249].address_src[2]           |                1 |              4 |         4.00 |
|  clk_50M_IBUF_BUFG |                                                                                                                           | u_FIR/fir_10k_lowpass/U0/i_synth/g_single_rate.i_single_rate/g_semi_parallel_and_smac.g_cntrl[246].address_src[2]           |                1 |              4 |         4.00 |
|  clk_50M_IBUF_BUFG |                                                                                                                           | u_FIR/fir_10k_lowpass/U0/i_synth/g_single_rate.i_single_rate/g_semi_parallel_and_smac.g_cntrl[255].address_src[1]           |                2 |              4 |         2.00 |
|  clk_50M_IBUF_BUFG |                                                                                                                           | u_FIR/fir_10k_lowpass/U0/i_synth/g_single_rate.i_single_rate/g_semi_parallel_and_smac.g_cntrl[250].address_src[2]           |                2 |              4 |         2.00 |
|  clk_50M_IBUF_BUFG |                                                                                                                           | u_FIR/fir_10k_lowpass/U0/i_synth/g_single_rate.i_single_rate/g_semi_parallel_and_smac.g_cntrl[265].address_src[2]           |                1 |              4 |         4.00 |
|  clk_50M_IBUF_BUFG |                                                                                                                           | u_FIR/fir_10k_lowpass/U0/i_synth/g_single_rate.i_single_rate/g_semi_parallel_and_smac.g_cntrl[270].address_src[1]           |                1 |              4 |         4.00 |
|  clk_50M_IBUF_BUFG |                                                                                                                           | u_FIR/fir_10k_lowpass/U0/i_synth/g_single_rate.i_single_rate/g_semi_parallel_and_smac.g_cntrl[277].address_src[2]           |                2 |              4 |         2.00 |
|  clk_50M_IBUF_BUFG |                                                                                                                           | u_FIR/fir_10k_lowpass/U0/i_synth/g_single_rate.i_single_rate/g_semi_parallel_and_smac.g_cntrl[280].address_src[2]           |                2 |              4 |         2.00 |
|  clk_50M_IBUF_BUFG |                                                                                                                           | u_FIR/fir_10k_lowpass/U0/i_synth/g_single_rate.i_single_rate/g_semi_parallel_and_smac.g_cntrl[279].address_src[2]           |                1 |              4 |         4.00 |
|  clk_50M_IBUF_BUFG |                                                                                                                           | u_FIR/fir_10k_lowpass/U0/i_synth/g_single_rate.i_single_rate/g_semi_parallel_and_smac.g_cntrl[287].address_src[2]           |                2 |              4 |         2.00 |
|  clk_50M_IBUF_BUFG |                                                                                                                           | u_FIR/fir_10k_lowpass/U0/i_synth/g_single_rate.i_single_rate/g_semi_parallel_and_smac.g_cntrl[199].address_reg_n_0_[199][2] |                1 |              4 |         4.00 |
|  clk_50M_IBUF_BUFG |                                                                                                                           | u_FIR/fir_10k_lowpass/U0/i_synth/g_single_rate.i_single_rate/g_semi_parallel_and_smac.g_cntrl[299].address_reg_n_0_[299][1] |                2 |              4 |         2.00 |
|  clk_50M_IBUF_BUFG |                                                                                                                           | u_FIR/fir_10k_lowpass/U0/i_synth/g_single_rate.i_single_rate/g_semi_parallel_and_smac.g_cntrl[435].address_src[2]           |                1 |              4 |         4.00 |
|  clk_50M_IBUF_BUFG |                                                                                                                           | u_FIR/fir_10k_lowpass/U0/i_synth/g_single_rate.i_single_rate/g_semi_parallel_and_smac.g_cntrl[129].address_src[1]           |                2 |              4 |         2.00 |
|  clk_50M_IBUF_BUFG |                                                                                                                           | u_FIR/fir_10k_lowpass/U0/i_synth/g_single_rate.i_single_rate/g_semi_parallel_and_smac.g_cntrl[172].address_src[2]           |                1 |              4 |         4.00 |
|  clk_50M_IBUF_BUFG |                                                                                                                           | u_FIR/fir_10k_lowpass/U0/i_synth/g_single_rate.i_single_rate/g_semi_parallel_and_smac.g_cntrl[299].address_src[1]           |                3 |              4 |         1.33 |
|  clk_50M_IBUF_BUFG |                                                                                                                           | u_FIR/fir_10k_lowpass/U0/i_synth/g_single_rate.i_single_rate/g_semi_parallel_and_smac.g_cntrl[295].address_src[2]           |                2 |              4 |         2.00 |
|  clk_50M_IBUF_BUFG |                                                                                                                           | u_FIR/fir_10k_lowpass/U0/i_synth/g_single_rate.i_single_rate/g_semi_parallel_and_smac.g_cntrl[298].address_src[1]           |                3 |              4 |         1.33 |
|  clk_50M_IBUF_BUFG |                                                                                                                           | u_FIR/fir_10k_lowpass/U0/i_synth/g_single_rate.i_single_rate/g_semi_parallel_and_smac.g_cntrl[299].address_src[2]           |                2 |              4 |         2.00 |
|  clk_50M_IBUF_BUFG |                                                                                                                           | u_FIR/fir_10k_lowpass/U0/i_synth/g_single_rate.i_single_rate/g_semi_parallel_and_smac.g_cntrl[309].address_src[2]           |                1 |              4 |         4.00 |
|  clk_50M_IBUF_BUFG |                                                                                                                           | u_FIR/fir_10k_lowpass/U0/i_synth/g_single_rate.i_single_rate/g_semi_parallel_and_smac.g_cntrl[319].address_src[2]           |                2 |              4 |         2.00 |
|  clk_50M_IBUF_BUFG |                                                                                                                           | u_FIR/fir_10k_lowpass/U0/i_synth/g_single_rate.i_single_rate/g_semi_parallel_and_smac.g_cntrl[334].address_src[2]           |                3 |              4 |         1.33 |
|  clk_50M_IBUF_BUFG |                                                                                                                           | u_FIR/fir_10k_lowpass/U0/i_synth/g_single_rate.i_single_rate/g_semi_parallel_and_smac.g_cntrl[335].address_src[2]           |                2 |              4 |         2.00 |
|  clk_50M_IBUF_BUFG |                                                                                                                           | u_FIR/fir_10k_lowpass/U0/i_synth/g_single_rate.i_single_rate/g_semi_parallel_and_smac.g_cntrl[339].address_src[2]           |                2 |              4 |         2.00 |
|  clk_50M_IBUF_BUFG |                                                                                                                           | u_FIR/fir_10k_lowpass/U0/i_synth/g_single_rate.i_single_rate/g_semi_parallel_and_smac.g_cntrl[347].address_src[2]           |                2 |              4 |         2.00 |
|  clk_50M_IBUF_BUFG |                                                                                                                           | u_FIR/fir_10k_lowpass/U0/i_synth/g_single_rate.i_single_rate/g_semi_parallel_and_smac.g_cntrl[345].address_src[2]           |                1 |              4 |         4.00 |
|  clk_50M_IBUF_BUFG |                                                                                                                           | u_FIR/fir_10k_lowpass/U0/i_synth/g_single_rate.i_single_rate/g_semi_parallel_and_smac.g_cntrl[351].address_src[2]           |                1 |              4 |         4.00 |
|  clk_50M_IBUF_BUFG |                                                                                                                           | u_FIR/fir_10k_lowpass/U0/i_synth/g_single_rate.i_single_rate/g_semi_parallel_and_smac.g_cntrl[352].address_src[2]           |                1 |              4 |         4.00 |
|  clk_50M_IBUF_BUFG |                                                                                                                           | u_FIR/fir_10k_lowpass/U0/i_synth/g_single_rate.i_single_rate/g_semi_parallel_and_smac.g_cntrl[357].address_src[2]           |                1 |              4 |         4.00 |
|  clk_50M_IBUF_BUFG |                                                                                                                           | u_FIR/fir_10k_lowpass/U0/i_synth/g_single_rate.i_single_rate/g_semi_parallel_and_smac.g_cntrl[355].address_src[2]           |                2 |              4 |         2.00 |
|  clk_50M_IBUF_BUFG |                                                                                                                           | u_FIR/fir_10k_lowpass/U0/i_synth/g_single_rate.i_single_rate/g_semi_parallel_and_smac.g_cntrl[374].address_src[2]           |                1 |              4 |         4.00 |
|  clk_50M_IBUF_BUFG |                                                                                                                           | u_FIR/fir_10k_lowpass/U0/i_synth/g_single_rate.i_single_rate/g_semi_parallel_and_smac.g_cntrl[380].address_src[2]           |                1 |              4 |         4.00 |
|  clk_50M_IBUF_BUFG |                                                                                                                           | u_FIR/fir_10k_lowpass/U0/i_synth/g_single_rate.i_single_rate/g_semi_parallel_and_smac.g_cntrl[385].address_src[2]           |                1 |              4 |         4.00 |
|  clk_50M_IBUF_BUFG |                                                                                                                           | u_FIR/fir_10k_lowpass/U0/i_synth/g_single_rate.i_single_rate/g_semi_parallel_and_smac.g_cntrl[434].address_src[2]           |                1 |              4 |         4.00 |
|  clk_50M_IBUF_BUFG |                                                                                                                           | u_FIR/fir_10k_lowpass/U0/i_synth/g_single_rate.i_single_rate/g_semi_parallel_and_smac.g_cntrl[393].address_src[1]           |                1 |              4 |         4.00 |
|  clk_50M_IBUF_BUFG |                                                                                                                           | u_FIR/fir_10k_lowpass/U0/i_synth/g_single_rate.i_single_rate/g_semi_parallel_and_smac.g_cntrl[394].address_src[2]           |                1 |              4 |         4.00 |
|  clk_50M_IBUF_BUFG |                                                                                                                           | u_FIR/fir_10k_lowpass/U0/i_synth/g_single_rate.i_single_rate/g_semi_parallel_and_smac.g_cntrl[397].address_src[2]           |                1 |              4 |         4.00 |
|  clk_50M_IBUF_BUFG |                                                                                                                           | u_FIR/fir_10k_lowpass/U0/i_synth/g_single_rate.i_single_rate/g_semi_parallel_and_smac.g_cntrl[180].address_src[2]           |                1 |              5 |         5.00 |
|  clk_50M_IBUF_BUFG |                                                                                                                           | u_FIR/fir_10k_lowpass/U0/i_synth/g_single_rate.i_single_rate/g_semi_parallel_and_smac.g_cntrl[212].address_src[2]           |                2 |              5 |         2.50 |
|  clk_50M_IBUF_BUFG |                                                                                                                           | u_FIR/fir_10k_lowpass/U0/i_synth/g_single_rate.i_single_rate/g_semi_parallel_and_smac.g_cntrl[247].address_src[2]           |                2 |              5 |         2.50 |
|  clk_50M_IBUF_BUFG |                                                                                                                           | u_FIR/fir_10k_lowpass/U0/i_synth/g_single_rate.i_single_rate/g_semi_parallel_and_smac.g_cntrl[292].address_src[2]           |                2 |              5 |         2.50 |
|  clk_50M_IBUF_BUFG |                                                                                                                           | u_FIR/fir_10k_lowpass/U0/i_synth/g_single_rate.i_single_rate/g_semi_parallel_and_smac.g_cntrl[304].address_src[2]           |                2 |              5 |         2.50 |
|  clk_50M_IBUF_BUFG |                                                                                                                           | u_FIR/fir_10k_lowpass/U0/i_synth/g_single_rate.i_single_rate/g_semi_parallel_and_smac.g_cntrl[387].address_src[2]           |                1 |              5 |         5.00 |
|  clk_50M_IBUF_BUFG |                                                                                                                           | u_FIR/fir_10k_lowpass/U0/i_synth/g_single_rate.i_single_rate/g_semi_parallel_and_smac.g_cntrl[315].address_src[2]           |                2 |              5 |         2.50 |
|  clk_50M_IBUF_BUFG |                                                                                                                           | u_FIR/fir_10k_lowpass/U0/i_synth/g_single_rate.i_single_rate/g_semi_parallel_and_smac.g_cntrl[354].address_src[2]           |                1 |              5 |         5.00 |
|  clk_50M_IBUF_BUFG |                                                                                                                           | u_FIR/fir_10k_lowpass/U0/i_synth/g_single_rate.i_single_rate/g_semi_parallel_and_smac.g_cntrl[364].address_src[2]           |                1 |              5 |         5.00 |
|  clk_50M_IBUF_BUFG |                                                                                                                           | u_FIR/fir_10k_lowpass/U0/i_synth/g_single_rate.i_single_rate/g_semi_parallel_and_smac.g_cntrl[375].address_src[2]           |                1 |              5 |         5.00 |
|  clk_50M_IBUF_BUFG |                                                                                                                           | u_FIR/fir_10k_lowpass/U0/i_synth/g_single_rate.i_single_rate/g_semi_parallel_and_smac.g_cntrl[325].address_src[2]           |                1 |              5 |         5.00 |
|  clk_50M_IBUF_BUFG |                                                                                                                           | u_FIR/fir_10k_lowpass/U0/i_synth/g_single_rate.i_single_rate/g_semi_parallel_and_smac.g_cntrl[392].address_src[2]           |                3 |              5 |         1.67 |
|  clk_50M_IBUF_BUFG |                                                                                                                           | u_FIR/fir_10k_lowpass/U0/i_synth/g_single_rate.i_single_rate/g_semi_parallel_and_smac.g_cntrl[302].address_src[2]           |                3 |              6 |         2.00 |
|  clk_50M_IBUF_BUFG |                                                                                                                           | u_FIR/fir_10k_lowpass/U0/i_synth/g_single_rate.i_single_rate/g_semi_parallel_and_smac.g_cntrl[301].address_src[1]           |                2 |              6 |         3.00 |
|  clk_50M_IBUF_BUFG |                                                                                                                           | u_FIR/fir_10k_lowpass/U0/i_synth/g_single_rate.i_single_rate/g_semi_parallel_and_smac.g_cntrl[314].address_src[2]           |                2 |              7 |         3.50 |
|  clk_50M_IBUF_BUFG | u_FIR/fir_10k_lowpass/U0/i_synth/g_single_rate.i_single_rate/g_semi_parallel_and_smac.g_cntrl[17].cntrl_src[3]            |                                                                                                                             |                2 |             10 |         5.00 |
|  clk_50M_IBUF_BUFG | u_FIR/fir_10k_lowpass/U0/i_synth/g_single_rate.i_single_rate/g_semi_parallel_and_smac.g_cntrl[97].cntrl_src[3]            |                                                                                                                             |                2 |             10 |         5.00 |
|  clk_50M_IBUF_BUFG | u_FIR/fir_10k_lowpass/U0/i_synth/g_single_rate.i_single_rate/g_semi_parallel_and_smac.g_cntrl[99].cntrl_src[3]            |                                                                                                                             |                2 |             10 |         5.00 |
|  clk_50M_IBUF_BUFG | u_FIR/fir_10k_lowpass/U0/i_synth/g_single_rate.i_single_rate/g_s_data_chan_fifo.i_s_data_chan_fifo/wr_enable              |                                                                                                                             |                2 |             10 |         5.00 |
|  clk_50M_IBUF_BUFG | u_FIR/fir_10k_lowpass/U0/i_synth/g_single_rate.i_single_rate/g_semi_parallel_and_smac.g_cntrl[98].cntrl_src[3]            |                                                                                                                             |                2 |             10 |         5.00 |
|  clk_50M_IBUF_BUFG | u_FIR/fir_10k_lowpass/U0/i_synth/g_single_rate.i_single_rate/g_semi_parallel_and_smac.g_cntrl[174].cntrl_src[3]           |                                                                                                                             |                2 |             10 |         5.00 |
|  clk_50M_IBUF_BUFG | u_FIR/fir_10k_lowpass/U0/i_synth/g_single_rate.i_single_rate/g_semi_parallel_and_smac.g_cntrl[180].cntrl_src[3]           |                                                                                                                             |                2 |             10 |         5.00 |
|  clk_50M_IBUF_BUFG | u_FIR/fir_10k_lowpass/U0/i_synth/g_single_rate.i_single_rate/g_semi_parallel_and_smac.g_cntrl[176].cntrl_src[3]           |                                                                                                                             |                2 |             10 |         5.00 |
|  clk_50M_IBUF_BUFG | u_FIR/fir_10k_lowpass/U0/i_synth/g_single_rate.i_single_rate/g_semi_parallel_and_smac.g_cntrl[177].cntrl_src[3]           |                                                                                                                             |                2 |             10 |         5.00 |
|  clk_50M_IBUF_BUFG | u_FIR/fir_10k_lowpass/U0/i_synth/g_single_rate.i_single_rate/g_semi_parallel_and_smac.g_cntrl[178].cntrl_src[3]           |                                                                                                                             |                2 |             10 |         5.00 |
|  clk_50M_IBUF_BUFG | u_FIR/fir_10k_lowpass/U0/i_synth/g_single_rate.i_single_rate/g_semi_parallel_and_smac.g_cntrl[256].cntrl_src[3]           |                                                                                                                             |                2 |             10 |         5.00 |
|  clk_50M_IBUF_BUFG | u_FIR/fir_10k_lowpass/U0/i_synth/g_single_rate.i_single_rate/g_semi_parallel_and_smac.g_cntrl[179].cntrl_src[3]           |                                                                                                                             |                2 |             10 |         5.00 |
|  clk_50M_IBUF_BUFG | u_FIR/fir_10k_lowpass/U0/i_synth/g_single_rate.i_single_rate/g_semi_parallel_and_smac.g_cntrl[173].cntrl_src[3]           |                                                                                                                             |                2 |             10 |         5.00 |
|  clk_50M_IBUF_BUFG | u_FIR/fir_10k_lowpass/U0/i_synth/g_single_rate.i_single_rate/g_semi_parallel_and_smac.g_cntrl[175].cntrl_src[3]           |                                                                                                                             |                2 |             10 |         5.00 |
|  clk_50M_IBUF_BUFG | u_FIR/fir_10k_lowpass/U0/i_synth/g_single_rate.i_single_rate/g_semi_parallel_and_smac.g_cntrl[181].cntrl_src[3]           |                                                                                                                             |                2 |             10 |         5.00 |
|  clk_50M_IBUF_BUFG | u_FIR/fir_10k_lowpass/U0/i_synth/g_single_rate.i_single_rate/g_semi_parallel_and_smac.g_cntrl[183].cntrl_src[3]           |                                                                                                                             |                2 |             10 |         5.00 |
|  clk_50M_IBUF_BUFG | u_FIR/fir_10k_lowpass/U0/i_synth/g_single_rate.i_single_rate/g_semi_parallel_and_smac.g_cntrl[187].cntrl_src[3]           |                                                                                                                             |                2 |             10 |         5.00 |
|  clk_50M_IBUF_BUFG | u_FIR/fir_10k_lowpass/U0/i_synth/g_single_rate.i_single_rate/g_semi_parallel_and_smac.g_cntrl[186].cntrl_src[3]           |                                                                                                                             |                2 |             10 |         5.00 |
|  clk_50M_IBUF_BUFG | u_FIR/fir_10k_lowpass/U0/i_synth/g_single_rate.i_single_rate/g_semi_parallel_and_smac.g_cntrl[182].cntrl_src[3]           |                                                                                                                             |                2 |             10 |         5.00 |
|  clk_50M_IBUF_BUFG | u_FIR/fir_10k_lowpass/U0/i_synth/g_single_rate.i_single_rate/g_semi_parallel_and_smac.g_cntrl[185].cntrl_src[3]           |                                                                                                                             |                2 |             10 |         5.00 |
|  clk_50M_IBUF_BUFG | u_FIR/fir_10k_lowpass/U0/i_synth/g_single_rate.i_single_rate/g_semi_parallel_and_smac.g_cntrl[184].cntrl_src[3]           |                                                                                                                             |                2 |             10 |         5.00 |
|  clk_50M_IBUF_BUFG | u_FIR/fir_10k_lowpass/U0/i_synth/g_single_rate.i_single_rate/g_semi_parallel_and_smac.g_cntrl[188].cntrl_src[3]           |                                                                                                                             |                2 |             10 |         5.00 |
|  clk_50M_IBUF_BUFG | u_FIR/fir_10k_lowpass/U0/i_synth/g_single_rate.i_single_rate/g_semi_parallel_and_smac.g_cntrl[189].cntrl_src[3]           |                                                                                                                             |                2 |             10 |         5.00 |
|  clk_50M_IBUF_BUFG | u_FIR/fir_10k_lowpass/U0/i_synth/g_single_rate.i_single_rate/g_semi_parallel_and_smac.g_cntrl[190].cntrl_src[3]           |                                                                                                                             |                2 |             10 |         5.00 |
|  clk_50M_IBUF_BUFG | u_FIR/fir_10k_lowpass/U0/i_synth/g_single_rate.i_single_rate/g_semi_parallel_and_smac.g_cntrl[194].cntrl_src[3]           |                                                                                                                             |                2 |             10 |         5.00 |
|  clk_50M_IBUF_BUFG | u_FIR/fir_10k_lowpass/U0/i_synth/g_single_rate.i_single_rate/g_semi_parallel_and_smac.g_cntrl[196].cntrl_src[3]           |                                                                                                                             |                2 |             10 |         5.00 |
|  clk_50M_IBUF_BUFG | u_FIR/fir_10k_lowpass/U0/i_synth/g_single_rate.i_single_rate/g_semi_parallel_and_smac.g_cntrl[197].cntrl_src[3]           |                                                                                                                             |                2 |             10 |         5.00 |
|  clk_50M_IBUF_BUFG | u_FIR/fir_10k_lowpass/U0/i_synth/g_single_rate.i_single_rate/g_semi_parallel_and_smac.g_cntrl[191].cntrl_src[3]           |                                                                                                                             |                2 |             10 |         5.00 |
|  clk_50M_IBUF_BUFG | u_FIR/fir_10k_lowpass/U0/i_synth/g_single_rate.i_single_rate/g_semi_parallel_and_smac.g_cntrl[192].cntrl_src[3]           |                                                                                                                             |                2 |             10 |         5.00 |
|  clk_50M_IBUF_BUFG | u_FIR/fir_10k_lowpass/U0/i_synth/g_single_rate.i_single_rate/g_semi_parallel_and_smac.g_cntrl[193].cntrl_src[3]           |                                                                                                                             |                2 |             10 |         5.00 |
|  clk_50M_IBUF_BUFG | u_FIR/fir_10k_lowpass/U0/i_synth/g_single_rate.i_single_rate/g_semi_parallel_and_smac.g_cntrl[195].cntrl_src[3]           |                                                                                                                             |                2 |             10 |         5.00 |
|  clk_50M_IBUF_BUFG | u_FIR/fir_10k_lowpass/U0/i_synth/g_single_rate.i_single_rate/g_semi_parallel_and_smac.g_cntrl[18].cntrl_src[3]            |                                                                                                                             |                2 |             10 |         5.00 |
|  clk_50M_IBUF_BUFG | u_FIR/fir_10k_lowpass/U0/i_synth/g_single_rate.i_single_rate/g_semi_parallel_and_smac.g_cntrl[199].cntrl_src[3]           |                                                                                                                             |                2 |             10 |         5.00 |
|  clk_50M_IBUF_BUFG | u_FIR/fir_10k_lowpass/U0/i_synth/g_single_rate.i_single_rate/g_semi_parallel_and_smac.g_cntrl[201].cntrl_src[3]           |                                                                                                                             |                2 |             10 |         5.00 |
|  clk_50M_IBUF_BUFG | u_FIR/fir_10k_lowpass/U0/i_synth/g_single_rate.i_single_rate/g_semi_parallel_and_smac.g_cntrl[19].cntrl_src[3]            |                                                                                                                             |                2 |             10 |         5.00 |
|  clk_50M_IBUF_BUFG | u_FIR/fir_10k_lowpass/U0/i_synth/g_single_rate.i_single_rate/g_semi_parallel_and_smac.g_cntrl[206].cntrl_src[3]           |                                                                                                                             |                2 |             10 |         5.00 |
|  clk_50M_IBUF_BUFG | u_FIR/fir_10k_lowpass/U0/i_synth/g_single_rate.i_single_rate/g_semi_parallel_and_smac.g_cntrl[203].cntrl_src[3]           |                                                                                                                             |                2 |             10 |         5.00 |
|  clk_50M_IBUF_BUFG | u_FIR/fir_10k_lowpass/U0/i_synth/g_single_rate.i_single_rate/g_semi_parallel_and_smac.g_cntrl[198].cntrl_src[3]           |                                                                                                                             |                2 |             10 |         5.00 |
|  clk_50M_IBUF_BUFG | u_FIR/fir_10k_lowpass/U0/i_synth/g_single_rate.i_single_rate/g_semi_parallel_and_smac.g_cntrl[205].cntrl_src[3]           |                                                                                                                             |                2 |             10 |         5.00 |
|  clk_50M_IBUF_BUFG | u_FIR/fir_10k_lowpass/U0/i_synth/g_single_rate.i_single_rate/g_semi_parallel_and_smac.g_cntrl[202].cntrl_src[3]           |                                                                                                                             |                2 |             10 |         5.00 |
|  clk_50M_IBUF_BUFG | u_FIR/fir_10k_lowpass/U0/i_synth/g_single_rate.i_single_rate/g_semi_parallel_and_smac.g_cntrl[204].cntrl_src[3]           |                                                                                                                             |                2 |             10 |         5.00 |
|  clk_50M_IBUF_BUFG | u_FIR/fir_10k_lowpass/U0/i_synth/g_single_rate.i_single_rate/g_semi_parallel_and_smac.g_cntrl[207].cntrl_src[3]           |                                                                                                                             |                2 |             10 |         5.00 |
|  clk_50M_IBUF_BUFG | u_FIR/fir_10k_lowpass/U0/i_synth/g_single_rate.i_single_rate/g_semi_parallel_and_smac.g_cntrl[208].cntrl_src[3]           |                                                                                                                             |                2 |             10 |         5.00 |
|  clk_50M_IBUF_BUFG | u_FIR/fir_10k_lowpass/U0/i_synth/g_single_rate.i_single_rate/g_semi_parallel_and_smac.g_cntrl[211].cntrl_src[3]           |                                                                                                                             |                2 |             10 |         5.00 |
|  clk_50M_IBUF_BUFG | u_FIR/fir_10k_lowpass/U0/i_synth/g_single_rate.i_single_rate/g_semi_parallel_and_smac.g_cntrl[210].cntrl_src[3]           |                                                                                                                             |                2 |             10 |         5.00 |
|  clk_50M_IBUF_BUFG | u_FIR/fir_10k_lowpass/U0/i_synth/g_single_rate.i_single_rate/g_semi_parallel_and_smac.g_cntrl[215].cntrl_src[3]           |                                                                                                                             |                2 |             10 |         5.00 |
|  clk_50M_IBUF_BUFG | u_FIR/fir_10k_lowpass/U0/i_synth/g_single_rate.i_single_rate/g_semi_parallel_and_smac.g_cntrl[20].cntrl_src[3]            |                                                                                                                             |                2 |             10 |         5.00 |
|  clk_50M_IBUF_BUFG | u_FIR/fir_10k_lowpass/U0/i_synth/g_single_rate.i_single_rate/g_semi_parallel_and_smac.g_cntrl[212].cntrl_src[3]           |                                                                                                                             |                2 |             10 |         5.00 |
|  clk_50M_IBUF_BUFG | u_FIR/fir_10k_lowpass/U0/i_synth/g_single_rate.i_single_rate/g_semi_parallel_and_smac.g_cntrl[214].cntrl_src[3]           |                                                                                                                             |                2 |             10 |         5.00 |
|  clk_50M_IBUF_BUFG | u_FIR/fir_10k_lowpass/U0/i_synth/g_single_rate.i_single_rate/g_semi_parallel_and_smac.g_cntrl[213].cntrl_src[3]           |                                                                                                                             |                2 |             10 |         5.00 |
|  clk_50M_IBUF_BUFG | u_FIR/fir_10k_lowpass/U0/i_synth/g_single_rate.i_single_rate/g_semi_parallel_and_smac.g_cntrl[209].cntrl_src[3]           |                                                                                                                             |                2 |             10 |         5.00 |
|  clk_50M_IBUF_BUFG | u_FIR/fir_10k_lowpass/U0/i_synth/g_single_rate.i_single_rate/g_semi_parallel_and_smac.g_cntrl[222].cntrl_src[3]           |                                                                                                                             |                2 |             10 |         5.00 |
|  clk_50M_IBUF_BUFG | u_FIR/fir_10k_lowpass/U0/i_synth/g_single_rate.i_single_rate/g_semi_parallel_and_smac.g_cntrl[218].cntrl_src[3]           |                                                                                                                             |                2 |             10 |         5.00 |
|  clk_50M_IBUF_BUFG | u_FIR/fir_10k_lowpass/U0/i_synth/g_single_rate.i_single_rate/g_semi_parallel_and_smac.g_cntrl[223].cntrl_src[3]           |                                                                                                                             |                2 |             10 |         5.00 |
|  clk_50M_IBUF_BUFG | u_FIR/fir_10k_lowpass/U0/i_synth/g_single_rate.i_single_rate/g_semi_parallel_and_smac.g_cntrl[219].cntrl_src[3]           |                                                                                                                             |                2 |             10 |         5.00 |
|  clk_50M_IBUF_BUFG | u_FIR/fir_10k_lowpass/U0/i_synth/g_single_rate.i_single_rate/g_semi_parallel_and_smac.g_cntrl[216].cntrl_src[3]           |                                                                                                                             |                2 |             10 |         5.00 |
|  clk_50M_IBUF_BUFG | u_FIR/fir_10k_lowpass/U0/i_synth/g_single_rate.i_single_rate/g_semi_parallel_and_smac.g_cntrl[21].cntrl_src[3]            |                                                                                                                             |                2 |             10 |         5.00 |
|  clk_50M_IBUF_BUFG | u_FIR/fir_10k_lowpass/U0/i_synth/g_single_rate.i_single_rate/g_semi_parallel_and_smac.g_cntrl[217].cntrl_src[3]           |                                                                                                                             |                2 |             10 |         5.00 |
|  clk_50M_IBUF_BUFG | u_FIR/fir_10k_lowpass/U0/i_synth/g_single_rate.i_single_rate/g_semi_parallel_and_smac.g_cntrl[220].cntrl_src[3]           |                                                                                                                             |                2 |             10 |         5.00 |
|  clk_50M_IBUF_BUFG | u_FIR/fir_10k_lowpass/U0/i_synth/g_single_rate.i_single_rate/g_semi_parallel_and_smac.g_cntrl[221].cntrl_src[3]           |                                                                                                                             |                2 |             10 |         5.00 |
|  clk_50M_IBUF_BUFG | u_FIR/fir_10k_lowpass/U0/i_synth/g_single_rate.i_single_rate/g_semi_parallel_and_smac.g_cntrl[231].cntrl_src[3]           |                                                                                                                             |                2 |             10 |         5.00 |
|  clk_50M_IBUF_BUFG | u_FIR/fir_10k_lowpass/U0/i_synth/g_single_rate.i_single_rate/g_semi_parallel_and_smac.g_cntrl[230].cntrl_src[3]           |                                                                                                                             |                2 |             10 |         5.00 |
|  clk_50M_IBUF_BUFG | u_FIR/fir_10k_lowpass/U0/i_synth/g_single_rate.i_single_rate/g_semi_parallel_and_smac.g_cntrl[224].cntrl_src[3]           |                                                                                                                             |                2 |             10 |         5.00 |
|  clk_50M_IBUF_BUFG | u_FIR/fir_10k_lowpass/U0/i_synth/g_single_rate.i_single_rate/g_semi_parallel_and_smac.g_cntrl[225].cntrl_src[3]           |                                                                                                                             |                2 |             10 |         5.00 |
|  clk_50M_IBUF_BUFG | u_FIR/fir_10k_lowpass/U0/i_synth/g_single_rate.i_single_rate/g_semi_parallel_and_smac.g_cntrl[226].cntrl_src[3]           |                                                                                                                             |                2 |             10 |         5.00 |
|  clk_50M_IBUF_BUFG | u_FIR/fir_10k_lowpass/U0/i_synth/g_single_rate.i_single_rate/g_semi_parallel_and_smac.g_cntrl[227].cntrl_src[3]           |                                                                                                                             |                2 |             10 |         5.00 |
|  clk_50M_IBUF_BUFG | u_FIR/fir_10k_lowpass/U0/i_synth/g_single_rate.i_single_rate/g_semi_parallel_and_smac.g_cntrl[228].cntrl_src[3]           |                                                                                                                             |                2 |             10 |         5.00 |
|  clk_50M_IBUF_BUFG | u_FIR/fir_10k_lowpass/U0/i_synth/g_single_rate.i_single_rate/g_semi_parallel_and_smac.g_cntrl[22].cntrl_src[3]            |                                                                                                                             |                2 |             10 |         5.00 |
|  clk_50M_IBUF_BUFG | u_FIR/fir_10k_lowpass/U0/i_synth/g_single_rate.i_single_rate/g_semi_parallel_and_smac.g_cntrl[229].cntrl_src[3]           |                                                                                                                             |                2 |             10 |         5.00 |
|  clk_50M_IBUF_BUFG | u_FIR/fir_10k_lowpass/U0/i_synth/g_single_rate.i_single_rate/g_semi_parallel_and_smac.g_cntrl[236].cntrl_src[3]           |                                                                                                                             |                2 |             10 |         5.00 |
|  clk_50M_IBUF_BUFG | u_FIR/fir_10k_lowpass/U0/i_synth/g_single_rate.i_single_rate/g_semi_parallel_and_smac.g_cntrl[233].cntrl_src[3]           |                                                                                                                             |                2 |             10 |         5.00 |
|  clk_50M_IBUF_BUFG | u_FIR/fir_10k_lowpass/U0/i_synth/g_single_rate.i_single_rate/g_semi_parallel_and_smac.g_cntrl[239].cntrl_src[3]           |                                                                                                                             |                2 |             10 |         5.00 |
|  clk_50M_IBUF_BUFG | u_FIR/fir_10k_lowpass/U0/i_synth/g_single_rate.i_single_rate/g_semi_parallel_and_smac.g_cntrl[235].cntrl_src[3]           |                                                                                                                             |                2 |             10 |         5.00 |
|  clk_50M_IBUF_BUFG | u_FIR/fir_10k_lowpass/U0/i_synth/g_single_rate.i_single_rate/g_semi_parallel_and_smac.g_cntrl[238].cntrl_src[3]           |                                                                                                                             |                2 |             10 |         5.00 |
|  clk_50M_IBUF_BUFG | u_FIR/fir_10k_lowpass/U0/i_synth/g_single_rate.i_single_rate/g_semi_parallel_and_smac.g_cntrl[232].cntrl_src[3]           |                                                                                                                             |                2 |             10 |         5.00 |
|  clk_50M_IBUF_BUFG | u_FIR/fir_10k_lowpass/U0/i_synth/g_single_rate.i_single_rate/g_semi_parallel_and_smac.g_cntrl[234].cntrl_src[3]           |                                                                                                                             |                2 |             10 |         5.00 |
|  clk_50M_IBUF_BUFG | u_FIR/fir_10k_lowpass/U0/i_synth/g_single_rate.i_single_rate/g_semi_parallel_and_smac.g_cntrl[237].cntrl_src[3]           |                                                                                                                             |                2 |             10 |         5.00 |
|  clk_50M_IBUF_BUFG | u_FIR/fir_10k_lowpass/U0/i_synth/g_single_rate.i_single_rate/g_semi_parallel_and_smac.g_cntrl[23].cntrl_src[3]            |                                                                                                                             |                2 |             10 |         5.00 |
|  clk_50M_IBUF_BUFG | u_FIR/fir_10k_lowpass/U0/i_synth/g_single_rate.i_single_rate/g_semi_parallel_and_smac.g_cntrl[247].cntrl_src[3]           |                                                                                                                             |                2 |             10 |         5.00 |
|  clk_50M_IBUF_BUFG | u_FIR/fir_10k_lowpass/U0/i_synth/g_single_rate.i_single_rate/g_semi_parallel_and_smac.g_cntrl[245].cntrl_src[3]           |                                                                                                                             |                2 |             10 |         5.00 |
|  clk_50M_IBUF_BUFG | u_FIR/fir_10k_lowpass/U0/i_synth/g_single_rate.i_single_rate/g_semi_parallel_and_smac.g_cntrl[241].cntrl_src[3]           |                                                                                                                             |                2 |             10 |         5.00 |
|  clk_50M_IBUF_BUFG | u_FIR/fir_10k_lowpass/U0/i_synth/g_single_rate.i_single_rate/g_semi_parallel_and_smac.g_cntrl[242].cntrl_src[3]           |                                                                                                                             |                2 |             10 |         5.00 |
|  clk_50M_IBUF_BUFG | u_FIR/fir_10k_lowpass/U0/i_synth/g_single_rate.i_single_rate/g_semi_parallel_and_smac.g_cntrl[240].cntrl_src[3]           |                                                                                                                             |                2 |             10 |         5.00 |
|  clk_50M_IBUF_BUFG | u_FIR/fir_10k_lowpass/U0/i_synth/g_single_rate.i_single_rate/g_semi_parallel_and_smac.g_cntrl[246].cntrl_src[3]           |                                                                                                                             |                2 |             10 |         5.00 |
|  clk_50M_IBUF_BUFG | u_FIR/fir_10k_lowpass/U0/i_synth/g_single_rate.i_single_rate/g_semi_parallel_and_smac.g_cntrl[248].cntrl_src[3]           |                                                                                                                             |                2 |             10 |         5.00 |
|  clk_50M_IBUF_BUFG | u_FIR/fir_10k_lowpass/U0/i_synth/g_single_rate.i_single_rate/g_semi_parallel_and_smac.g_cntrl[243].cntrl_src[3]           |                                                                                                                             |                2 |             10 |         5.00 |
|  clk_50M_IBUF_BUFG | u_FIR/fir_10k_lowpass/U0/i_synth/g_single_rate.i_single_rate/g_semi_parallel_and_smac.g_cntrl[244].cntrl_src[3]           |                                                                                                                             |                2 |             10 |         5.00 |
|  clk_50M_IBUF_BUFG | u_FIR/fir_10k_lowpass/U0/i_synth/g_single_rate.i_single_rate/g_semi_parallel_and_smac.g_cntrl[24].cntrl_src[3]            |                                                                                                                             |                2 |             10 |         5.00 |
|  clk_50M_IBUF_BUFG | u_FIR/fir_10k_lowpass/U0/i_synth/g_single_rate.i_single_rate/g_semi_parallel_and_smac.g_cntrl[249].cntrl_src[3]           |                                                                                                                             |                2 |             10 |         5.00 |
|  clk_50M_IBUF_BUFG | u_FIR/fir_10k_lowpass/U0/i_synth/g_single_rate.i_single_rate/g_semi_parallel_and_smac.g_cntrl[250].cntrl_src[3]           |                                                                                                                             |                2 |             10 |         5.00 |
|  clk_50M_IBUF_BUFG | u_FIR/fir_10k_lowpass/U0/i_synth/g_single_rate.i_single_rate/g_semi_parallel_and_smac.g_cntrl[252].cntrl_src[3]           |                                                                                                                             |                2 |             10 |         5.00 |
|  clk_50M_IBUF_BUFG | u_FIR/fir_10k_lowpass/U0/i_synth/g_single_rate.i_single_rate/g_semi_parallel_and_smac.g_cntrl[254].cntrl_src[3]           |                                                                                                                             |                2 |             10 |         5.00 |
|  clk_50M_IBUF_BUFG | u_FIR/fir_10k_lowpass/U0/i_synth/g_single_rate.i_single_rate/g_semi_parallel_and_smac.g_cntrl[253].cntrl_src[3]           |                                                                                                                             |                2 |             10 |         5.00 |
|  clk_50M_IBUF_BUFG | u_FIR/fir_10k_lowpass/U0/i_synth/g_single_rate.i_single_rate/g_semi_parallel_and_smac.g_cntrl[251].cntrl_src[3]           |                                                                                                                             |                2 |             10 |         5.00 |
|  clk_50M_IBUF_BUFG | u_FIR/fir_10k_lowpass/U0/i_synth/g_single_rate.i_single_rate/g_semi_parallel_and_smac.g_cntrl[255].cntrl_src[3]           |                                                                                                                             |                2 |             10 |         5.00 |
|  clk_50M_IBUF_BUFG | u_FIR/fir_10k_lowpass/U0/i_synth/g_single_rate.i_single_rate/g_semi_parallel_and_smac.g_cntrl[95].cntrl_src[3]            |                                                                                                                             |                2 |             10 |         5.00 |
|  clk_50M_IBUF_BUFG | u_FIR/fir_10k_lowpass/U0/i_synth/g_single_rate.i_single_rate/g_semi_parallel_and_smac.g_cntrl[260].cntrl_src[3]           |                                                                                                                             |                2 |             10 |         5.00 |
|  clk_50M_IBUF_BUFG | u_FIR/fir_10k_lowpass/U0/i_synth/g_single_rate.i_single_rate/g_semi_parallel_and_smac.g_cntrl[259].cntrl_src[3]           |                                                                                                                             |                2 |             10 |         5.00 |
|  clk_50M_IBUF_BUFG | u_FIR/fir_10k_lowpass/U0/i_synth/g_single_rate.i_single_rate/g_semi_parallel_and_smac.g_cntrl[261].cntrl_src[3]           |                                                                                                                             |                2 |             10 |         5.00 |
|  clk_50M_IBUF_BUFG | u_FIR/fir_10k_lowpass/U0/i_synth/g_single_rate.i_single_rate/g_semi_parallel_and_smac.g_cntrl[258].cntrl_src[3]           |                                                                                                                             |                2 |             10 |         5.00 |
|  clk_50M_IBUF_BUFG | u_FIR/fir_10k_lowpass/U0/i_synth/g_single_rate.i_single_rate/g_semi_parallel_and_smac.g_cntrl[262].cntrl_src[3]           |                                                                                                                             |                2 |             10 |         5.00 |
|  clk_50M_IBUF_BUFG | u_FIR/fir_10k_lowpass/U0/i_synth/g_single_rate.i_single_rate/g_semi_parallel_and_smac.g_cntrl[257].cntrl_src[3]           |                                                                                                                             |                2 |             10 |         5.00 |
|  clk_50M_IBUF_BUFG | u_FIR/fir_10k_lowpass/U0/i_synth/g_single_rate.i_single_rate/g_semi_parallel_and_smac.g_cntrl[25].cntrl_src[3]            |                                                                                                                             |                2 |             10 |         5.00 |
|  clk_50M_IBUF_BUFG | u_FIR/fir_10k_lowpass/U0/i_synth/g_single_rate.i_single_rate/g_semi_parallel_and_smac.g_cntrl[264].cntrl_src[3]           |                                                                                                                             |                2 |             10 |         5.00 |
|  clk_50M_IBUF_BUFG | u_FIR/fir_10k_lowpass/U0/i_synth/g_single_rate.i_single_rate/g_semi_parallel_and_smac.g_cntrl[265].cntrl_src[3]           |                                                                                                                             |                2 |             10 |         5.00 |
|  clk_50M_IBUF_BUFG | u_FIR/fir_10k_lowpass/U0/i_synth/g_single_rate.i_single_rate/g_semi_parallel_and_smac.g_cntrl[263].cntrl_src[3]           |                                                                                                                             |                2 |             10 |         5.00 |
|  clk_50M_IBUF_BUFG | u_FIR/fir_10k_lowpass/U0/i_synth/g_single_rate.i_single_rate/g_semi_parallel_and_smac.g_cntrl[271].cntrl_src[3]           |                                                                                                                             |                2 |             10 |         5.00 |
|  clk_50M_IBUF_BUFG | u_FIR/fir_10k_lowpass/U0/i_synth/g_single_rate.i_single_rate/g_semi_parallel_and_smac.g_cntrl[270].cntrl_src[3]           |                                                                                                                             |                2 |             10 |         5.00 |
|  clk_50M_IBUF_BUFG | u_FIR/fir_10k_lowpass/U0/i_synth/g_single_rate.i_single_rate/g_semi_parallel_and_smac.g_cntrl[269].cntrl_src[3]           |                                                                                                                             |                2 |             10 |         5.00 |
|  clk_50M_IBUF_BUFG | u_FIR/fir_10k_lowpass/U0/i_synth/g_single_rate.i_single_rate/g_semi_parallel_and_smac.g_cntrl[272].cntrl_src[3]           |                                                                                                                             |                2 |             10 |         5.00 |
|  clk_50M_IBUF_BUFG | u_FIR/fir_10k_lowpass/U0/i_synth/g_single_rate.i_single_rate/g_semi_parallel_and_smac.g_cntrl[273].cntrl_src[3]           |                                                                                                                             |                2 |             10 |         5.00 |
|  clk_50M_IBUF_BUFG | u_FIR/fir_10k_lowpass/U0/i_synth/g_single_rate.i_single_rate/g_semi_parallel_and_smac.g_cntrl[268].cntrl_src[3]           |                                                                                                                             |                2 |             10 |         5.00 |
|  clk_50M_IBUF_BUFG | u_FIR/fir_10k_lowpass/U0/i_synth/g_single_rate.i_single_rate/g_semi_parallel_and_smac.g_cntrl[267].cntrl_src[3]           |                                                                                                                             |                2 |             10 |         5.00 |
|  clk_50M_IBUF_BUFG | u_FIR/fir_10k_lowpass/U0/i_synth/g_single_rate.i_single_rate/g_semi_parallel_and_smac.g_cntrl[26].cntrl_src[3]            |                                                                                                                             |                2 |             10 |         5.00 |
|  clk_50M_IBUF_BUFG | u_FIR/fir_10k_lowpass/U0/i_synth/g_single_rate.i_single_rate/g_semi_parallel_and_smac.g_cntrl[266].cntrl_src[3]           |                                                                                                                             |                2 |             10 |         5.00 |
|  clk_50M_IBUF_BUFG | u_FIR/fir_10k_lowpass/U0/i_synth/g_single_rate.i_single_rate/g_semi_parallel_and_smac.g_cntrl[277].cntrl_src[3]           |                                                                                                                             |                2 |             10 |         5.00 |
|  clk_50M_IBUF_BUFG | u_FIR/fir_10k_lowpass/U0/i_synth/g_single_rate.i_single_rate/g_semi_parallel_and_smac.g_cntrl[27].cntrl_src[3]            |                                                                                                                             |                2 |             10 |         5.00 |
|  clk_50M_IBUF_BUFG | u_FIR/fir_10k_lowpass/U0/i_synth/g_single_rate.i_single_rate/g_semi_parallel_and_smac.g_cntrl[280].cntrl_src[3]           |                                                                                                                             |                2 |             10 |         5.00 |
|  clk_50M_IBUF_BUFG | u_FIR/fir_10k_lowpass/U0/i_synth/g_single_rate.i_single_rate/g_semi_parallel_and_smac.g_cntrl[279].cntrl_src[3]           |                                                                                                                             |                2 |             10 |         5.00 |
|  clk_50M_IBUF_BUFG | u_FIR/fir_10k_lowpass/U0/i_synth/g_single_rate.i_single_rate/g_semi_parallel_and_smac.g_cntrl[281].cntrl_src[3]           |                                                                                                                             |                2 |             10 |         5.00 |
|  clk_50M_IBUF_BUFG | u_FIR/fir_10k_lowpass/U0/i_synth/g_single_rate.i_single_rate/g_semi_parallel_and_smac.g_cntrl[276].cntrl_src[3]           |                                                                                                                             |                2 |             10 |         5.00 |
|  clk_50M_IBUF_BUFG | u_FIR/fir_10k_lowpass/U0/i_synth/g_single_rate.i_single_rate/g_semi_parallel_and_smac.g_cntrl[278].cntrl_src[3]           |                                                                                                                             |                2 |             10 |         5.00 |
|  clk_50M_IBUF_BUFG | u_FIR/fir_10k_lowpass/U0/i_synth/g_single_rate.i_single_rate/g_semi_parallel_and_smac.g_cntrl[274].cntrl_src[3]           |                                                                                                                             |                2 |             10 |         5.00 |
|  clk_50M_IBUF_BUFG | u_FIR/fir_10k_lowpass/U0/i_synth/g_single_rate.i_single_rate/g_semi_parallel_and_smac.g_cntrl[275].cntrl_src[3]           |                                                                                                                             |                2 |             10 |         5.00 |
|  clk_50M_IBUF_BUFG | u_FIR/fir_10k_lowpass/U0/i_synth/g_single_rate.i_single_rate/g_semi_parallel_and_smac.g_cntrl[283].cntrl_src[3]           |                                                                                                                             |                2 |             10 |         5.00 |
|  clk_50M_IBUF_BUFG | u_FIR/fir_10k_lowpass/U0/i_synth/g_single_rate.i_single_rate/g_semi_parallel_and_smac.g_cntrl[285].cntrl_src[3]           |                                                                                                                             |                2 |             10 |         5.00 |
|  clk_50M_IBUF_BUFG | u_FIR/fir_10k_lowpass/U0/i_synth/g_single_rate.i_single_rate/g_semi_parallel_and_smac.g_cntrl[288].cntrl_src[3]           |                                                                                                                             |                2 |             10 |         5.00 |
|  clk_50M_IBUF_BUFG | u_FIR/fir_10k_lowpass/U0/i_synth/g_single_rate.i_single_rate/g_semi_parallel_and_smac.g_cntrl[282].cntrl_src[3]           |                                                                                                                             |                2 |             10 |         5.00 |
|  clk_50M_IBUF_BUFG | u_FIR/fir_10k_lowpass/U0/i_synth/g_single_rate.i_single_rate/g_semi_parallel_and_smac.g_cntrl[287].cntrl_src[3]           |                                                                                                                             |                2 |             10 |         5.00 |
|  clk_50M_IBUF_BUFG | u_FIR/fir_10k_lowpass/U0/i_synth/g_single_rate.i_single_rate/g_semi_parallel_and_smac.g_cntrl[289].cntrl_src[3]           |                                                                                                                             |                2 |             10 |         5.00 |
|  clk_50M_IBUF_BUFG | u_FIR/fir_10k_lowpass/U0/i_synth/g_single_rate.i_single_rate/g_semi_parallel_and_smac.g_cntrl[284].cntrl_src[3]           |                                                                                                                             |                2 |             10 |         5.00 |
|  clk_50M_IBUF_BUFG | u_FIR/fir_10k_lowpass/U0/i_synth/g_single_rate.i_single_rate/g_semi_parallel_and_smac.g_cntrl[286].cntrl_src[3]           |                                                                                                                             |                2 |             10 |         5.00 |
|  clk_50M_IBUF_BUFG | u_FIR/fir_10k_lowpass/U0/i_synth/g_single_rate.i_single_rate/g_semi_parallel_and_smac.g_cntrl[28].cntrl_src[3]            |                                                                                                                             |                2 |             10 |         5.00 |
|  clk_50M_IBUF_BUFG | u_FIR/fir_10k_lowpass/U0/i_synth/g_single_rate.i_single_rate/g_semi_parallel_and_smac.g_cntrl[199].cntrl_reg_n_0_[199][3] |                                                                                                                             |                2 |             10 |         5.00 |
|  clk_50M_IBUF_BUFG | u_FIR/fir_10k_lowpass/U0/i_synth/g_single_rate.i_single_rate/g_semi_parallel_and_smac.g_cntrl[299].cntrl_reg_n_0_[299][3] |                                                                                                                             |                2 |             10 |         5.00 |
|  clk_50M_IBUF_BUFG | u_FIR/fir_10k_lowpass/U0/i_synth/g_single_rate.i_single_rate/g_semi_parallel_and_smac.g_cntrl[419].cntrl_reg_n_0_[419][3] |                                                                                                                             |                2 |             10 |         5.00 |
|  clk_50M_IBUF_BUFG | u_FIR/fir_10k_lowpass/U0/i_synth/g_single_rate.i_single_rate/g_semi_parallel_and_smac.g_cntrl[479].cntrl_reg_n_0_[479][3] |                                                                                                                             |                2 |             10 |         5.00 |
|  clk_50M_IBUF_BUFG | u_FIR/fir_10k_lowpass/U0/i_synth/g_single_rate.i_single_rate/g_semi_parallel_and_smac.g_cntrl[359].cntrl_reg_n_0_[359][3] |                                                                                                                             |                2 |             10 |         5.00 |
|  clk_50M_IBUF_BUFG | u_FIR/fir_10k_lowpass/U0/i_synth/g_single_rate.i_single_rate/g_semi_parallel_and_smac.g_cntrl[290].cntrl_src[3]           |                                                                                                                             |                2 |             10 |         5.00 |
|  clk_50M_IBUF_BUFG | u_FIR/fir_10k_lowpass/U0/i_synth/g_single_rate.i_single_rate/g_semi_parallel_and_smac.g_cntrl[539].cntrl_reg_n_0_[539][3] |                                                                                                                             |                2 |             10 |         5.00 |
|  clk_50M_IBUF_BUFG | u_FIR/fir_10k_lowpass/U0/i_synth/g_single_rate.i_single_rate/g_semi_parallel_and_smac.g_cntrl[292].cntrl_src[3]           |                                                                                                                             |                2 |             10 |         5.00 |
|  clk_50M_IBUF_BUFG | u_FIR/fir_10k_lowpass/U0/i_synth/g_single_rate.i_single_rate/g_semi_parallel_and_smac.g_cntrl[99].cntrl_reg_n_0_[99][3]   |                                                                                                                             |                2 |             10 |         5.00 |
|  clk_50M_IBUF_BUFG | u_FIR/fir_10k_lowpass/U0/i_synth/g_single_rate.i_single_rate/g_semi_parallel_and_smac.g_cntrl[600].cntrl_reg_n_0_[600][3] |                                                                                                                             |                2 |             10 |         5.00 |
|  clk_50M_IBUF_BUFG | u_FIR/fir_10k_lowpass/U0/i_synth/g_single_rate.i_single_rate/g_semi_parallel_and_smac.g_cntrl[291].cntrl_src[3]           |                                                                                                                             |                2 |             10 |         5.00 |
|  clk_50M_IBUF_BUFG | u_FIR/fir_10k_lowpass/U0/i_synth/g_single_rate.i_single_rate/g_semi_parallel_and_smac.g_cntrl[293].cntrl_src[3]           |                                                                                                                             |                2 |             10 |         5.00 |
|  clk_50M_IBUF_BUFG | u_FIR/fir_10k_lowpass/U0/i_synth/g_single_rate.i_single_rate/g_semi_parallel_and_smac.g_cntrl[101].cntrl_src[3]           |                                                                                                                             |                2 |             10 |         5.00 |
|  clk_50M_IBUF_BUFG | u_FIR/fir_10k_lowpass/U0/i_synth/g_single_rate.i_single_rate/g_semi_parallel_and_smac.g_cntrl[102].cntrl_src[3]           |                                                                                                                             |                2 |             10 |         5.00 |
|  clk_50M_IBUF_BUFG | u_FIR/fir_10k_lowpass/U0/i_synth/g_single_rate.i_single_rate/g_semi_parallel_and_smac.g_cntrl[103].cntrl_src[3]           |                                                                                                                             |                2 |             10 |         5.00 |
|  clk_50M_IBUF_BUFG | u_FIR/fir_10k_lowpass/U0/i_synth/g_single_rate.i_single_rate/rfd_int                                                      |                                                                                                                             |                2 |             10 |         5.00 |
|  clk_50M_IBUF_BUFG | u_FIR/fir_10k_lowpass/U0/i_synth/g_single_rate.i_single_rate/we_gen_cntrl                                                 |                                                                                                                             |                2 |             10 |         5.00 |
|  clk_50M_IBUF_BUFG | u_FIR/fir_10k_lowpass/U0/i_synth/g_single_rate.i_single_rate/g_semi_parallel_and_smac.g_cntrl[107].cntrl_src[3]           |                                                                                                                             |                2 |             10 |         5.00 |
|  clk_50M_IBUF_BUFG | u_FIR/fir_10k_lowpass/U0/i_synth/g_single_rate.i_single_rate/g_semi_parallel_and_smac.g_cntrl[106].cntrl_src[3]           |                                                                                                                             |                2 |             10 |         5.00 |
|  clk_50M_IBUF_BUFG | u_FIR/fir_10k_lowpass/U0/i_synth/g_single_rate.i_single_rate/g_semi_parallel_and_smac.g_cntrl[105].cntrl_src[3]           |                                                                                                                             |                2 |             10 |         5.00 |
|  clk_50M_IBUF_BUFG | u_FIR/fir_10k_lowpass/U0/i_synth/g_single_rate.i_single_rate/g_semi_parallel_and_smac.g_cntrl[111].cntrl_src[3]           |                                                                                                                             |                2 |             10 |         5.00 |
|  clk_50M_IBUF_BUFG | u_FIR/fir_10k_lowpass/U0/i_synth/g_single_rate.i_single_rate/g_semi_parallel_and_smac.g_cntrl[108].cntrl_src[3]           |                                                                                                                             |                2 |             10 |         5.00 |
|  clk_50M_IBUF_BUFG | u_FIR/fir_10k_lowpass/U0/i_synth/g_single_rate.i_single_rate/g_semi_parallel_and_smac.g_cntrl[110].cntrl_src[3]           |                                                                                                                             |                2 |             10 |         5.00 |
|  clk_50M_IBUF_BUFG | u_FIR/fir_10k_lowpass/U0/i_synth/g_single_rate.i_single_rate/g_semi_parallel_and_smac.g_cntrl[104].cntrl_src[3]           |                                                                                                                             |                2 |             10 |         5.00 |
|  clk_50M_IBUF_BUFG | u_FIR/fir_10k_lowpass/U0/i_synth/g_single_rate.i_single_rate/g_semi_parallel_and_smac.g_cntrl[109].cntrl_src[3]           |                                                                                                                             |                2 |             10 |         5.00 |
|  clk_50M_IBUF_BUFG | u_FIR/fir_10k_lowpass/U0/i_synth/g_single_rate.i_single_rate/g_semi_parallel_and_smac.g_cntrl[10].cntrl_src[3]            |                                                                                                                             |                2 |             10 |         5.00 |
|  clk_50M_IBUF_BUFG | u_FIR/fir_10k_lowpass/U0/i_synth/g_single_rate.i_single_rate/g_semi_parallel_and_smac.g_cntrl[115].cntrl_src[3]           |                                                                                                                             |                2 |             10 |         5.00 |
|  clk_50M_IBUF_BUFG | u_FIR/fir_10k_lowpass/U0/i_synth/g_single_rate.i_single_rate/g_semi_parallel_and_smac.g_cntrl[118].cntrl_src[3]           |                                                                                                                             |                2 |             10 |         5.00 |
|  clk_50M_IBUF_BUFG | u_FIR/fir_10k_lowpass/U0/i_synth/g_single_rate.i_single_rate/g_semi_parallel_and_smac.g_cntrl[113].cntrl_src[3]           |                                                                                                                             |                2 |             10 |         5.00 |
|  clk_50M_IBUF_BUFG | u_FIR/fir_10k_lowpass/U0/i_synth/g_single_rate.i_single_rate/g_semi_parallel_and_smac.g_cntrl[119].cntrl_src[3]           |                                                                                                                             |                2 |             10 |         5.00 |
|  clk_50M_IBUF_BUFG | u_FIR/fir_10k_lowpass/U0/i_synth/g_single_rate.i_single_rate/g_semi_parallel_and_smac.g_cntrl[114].cntrl_src[3]           |                                                                                                                             |                2 |             10 |         5.00 |
|  clk_50M_IBUF_BUFG | u_FIR/fir_10k_lowpass/U0/i_synth/g_single_rate.i_single_rate/g_semi_parallel_and_smac.g_cntrl[117].cntrl_src[3]           |                                                                                                                             |                2 |             10 |         5.00 |
|  clk_50M_IBUF_BUFG | u_FIR/fir_10k_lowpass/U0/i_synth/g_single_rate.i_single_rate/g_semi_parallel_and_smac.g_cntrl[116].cntrl_src[3]           |                                                                                                                             |                2 |             10 |         5.00 |
|  clk_50M_IBUF_BUFG | u_FIR/fir_10k_lowpass/U0/i_synth/g_single_rate.i_single_rate/g_semi_parallel_and_smac.g_cntrl[11].cntrl_src[3]            |                                                                                                                             |                2 |             10 |         5.00 |
|  clk_50M_IBUF_BUFG | u_FIR/fir_10k_lowpass/U0/i_synth/g_single_rate.i_single_rate/g_semi_parallel_and_smac.g_cntrl[112].cntrl_src[3]           |                                                                                                                             |                2 |             10 |         5.00 |
|  clk_50M_IBUF_BUFG | u_FIR/fir_10k_lowpass/U0/i_synth/g_single_rate.i_single_rate/g_semi_parallel_and_smac.g_cntrl[120].cntrl_src[3]           |                                                                                                                             |                2 |             10 |         5.00 |
|  clk_50M_IBUF_BUFG | u_FIR/fir_10k_lowpass/U0/i_synth/g_single_rate.i_single_rate/g_semi_parallel_and_smac.g_cntrl[126].cntrl_src[3]           |                                                                                                                             |                2 |             10 |         5.00 |
|  clk_50M_IBUF_BUFG | u_FIR/fir_10k_lowpass/U0/i_synth/g_single_rate.i_single_rate/g_semi_parallel_and_smac.g_cntrl[124].cntrl_src[3]           |                                                                                                                             |                2 |             10 |         5.00 |
|  clk_50M_IBUF_BUFG | u_FIR/fir_10k_lowpass/U0/i_synth/g_single_rate.i_single_rate/g_semi_parallel_and_smac.g_cntrl[125].cntrl_src[3]           |                                                                                                                             |                2 |             10 |         5.00 |
|  clk_50M_IBUF_BUFG | u_FIR/fir_10k_lowpass/U0/i_synth/g_single_rate.i_single_rate/g_semi_parallel_and_smac.g_cntrl[121].cntrl_src[3]           |                                                                                                                             |                2 |             10 |         5.00 |
|  clk_50M_IBUF_BUFG | u_FIR/fir_10k_lowpass/U0/i_synth/g_single_rate.i_single_rate/g_semi_parallel_and_smac.g_cntrl[122].cntrl_src[3]           |                                                                                                                             |                2 |             10 |         5.00 |
|  clk_50M_IBUF_BUFG | u_FIR/fir_10k_lowpass/U0/i_synth/g_single_rate.i_single_rate/g_semi_parallel_and_smac.g_cntrl[123].cntrl_src[3]           |                                                                                                                             |                2 |             10 |         5.00 |
|  clk_50M_IBUF_BUFG | u_FIR/fir_10k_lowpass/U0/i_synth/g_single_rate.i_single_rate/g_semi_parallel_and_smac.g_cntrl[128].cntrl_src[3]           |                                                                                                                             |                2 |             10 |         5.00 |
|  clk_50M_IBUF_BUFG | u_FIR/fir_10k_lowpass/U0/i_synth/g_single_rate.i_single_rate/g_semi_parallel_and_smac.g_cntrl[127].cntrl_src[3]           |                                                                                                                             |                2 |             10 |         5.00 |
|  clk_50M_IBUF_BUFG | u_FIR/fir_10k_lowpass/U0/i_synth/g_single_rate.i_single_rate/g_semi_parallel_and_smac.g_cntrl[135].cntrl_src[3]           |                                                                                                                             |                2 |             10 |         5.00 |
|  clk_50M_IBUF_BUFG | u_FIR/fir_10k_lowpass/U0/i_synth/g_single_rate.i_single_rate/g_semi_parallel_and_smac.g_cntrl[137].cntrl_src[3]           |                                                                                                                             |                2 |             10 |         5.00 |
|  clk_50M_IBUF_BUFG | u_FIR/fir_10k_lowpass/U0/i_synth/g_single_rate.i_single_rate/g_semi_parallel_and_smac.g_cntrl[12].cntrl_src[3]            |                                                                                                                             |                2 |             10 |         5.00 |
|  clk_50M_IBUF_BUFG | u_FIR/fir_10k_lowpass/U0/i_synth/g_single_rate.i_single_rate/g_semi_parallel_and_smac.g_cntrl[130].cntrl_src[3]           |                                                                                                                             |                2 |             10 |         5.00 |
|  clk_50M_IBUF_BUFG | u_FIR/fir_10k_lowpass/U0/i_synth/g_single_rate.i_single_rate/g_semi_parallel_and_smac.g_cntrl[134].cntrl_src[3]           |                                                                                                                             |                2 |             10 |         5.00 |
|  clk_50M_IBUF_BUFG | u_FIR/fir_10k_lowpass/U0/i_synth/g_single_rate.i_single_rate/g_semi_parallel_and_smac.g_cntrl[129].cntrl_src[3]           |                                                                                                                             |                2 |             10 |         5.00 |
|  clk_50M_IBUF_BUFG | u_FIR/fir_10k_lowpass/U0/i_synth/g_single_rate.i_single_rate/g_semi_parallel_and_smac.g_cntrl[131].cntrl_src[3]           |                                                                                                                             |                2 |             10 |         5.00 |
|  clk_50M_IBUF_BUFG | u_FIR/fir_10k_lowpass/U0/i_synth/g_single_rate.i_single_rate/g_semi_parallel_and_smac.g_cntrl[133].cntrl_src[3]           |                                                                                                                             |                2 |             10 |         5.00 |
|  clk_50M_IBUF_BUFG | u_FIR/fir_10k_lowpass/U0/i_synth/g_single_rate.i_single_rate/g_semi_parallel_and_smac.g_cntrl[132].cntrl_src[3]           |                                                                                                                             |                2 |             10 |         5.00 |
|  clk_50M_IBUF_BUFG | u_FIR/fir_10k_lowpass/U0/i_synth/g_single_rate.i_single_rate/g_semi_parallel_and_smac.g_cntrl[136].cntrl_src[3]           |                                                                                                                             |                2 |             10 |         5.00 |
|  clk_50M_IBUF_BUFG | u_FIR/fir_10k_lowpass/U0/i_synth/g_single_rate.i_single_rate/g_semi_parallel_and_smac.g_cntrl[138].cntrl_src[3]           |                                                                                                                             |                2 |             10 |         5.00 |
|  clk_50M_IBUF_BUFG | u_FIR/fir_10k_lowpass/U0/i_synth/g_single_rate.i_single_rate/g_semi_parallel_and_smac.g_cntrl[144].cntrl_src[3]           |                                                                                                                             |                2 |             10 |         5.00 |
|  clk_50M_IBUF_BUFG | u_FIR/fir_10k_lowpass/U0/i_synth/g_single_rate.i_single_rate/g_semi_parallel_and_smac.g_cntrl[145].cntrl_src[3]           |                                                                                                                             |                2 |             10 |         5.00 |
|  clk_50M_IBUF_BUFG | u_FIR/fir_10k_lowpass/U0/i_synth/g_single_rate.i_single_rate/g_semi_parallel_and_smac.g_cntrl[139].cntrl_src[3]           |                                                                                                                             |                2 |             10 |         5.00 |
|  clk_50M_IBUF_BUFG | u_FIR/fir_10k_lowpass/U0/i_synth/g_single_rate.i_single_rate/g_semi_parallel_and_smac.g_cntrl[141].cntrl_src[3]           |                                                                                                                             |                2 |             10 |         5.00 |
|  clk_50M_IBUF_BUFG | u_FIR/fir_10k_lowpass/U0/i_synth/g_single_rate.i_single_rate/g_semi_parallel_and_smac.g_cntrl[142].cntrl_src[3]           |                                                                                                                             |                2 |             10 |         5.00 |
|  clk_50M_IBUF_BUFG | u_FIR/fir_10k_lowpass/U0/i_synth/g_single_rate.i_single_rate/g_semi_parallel_and_smac.g_cntrl[143].cntrl_src[3]           |                                                                                                                             |                2 |             10 |         5.00 |
|  clk_50M_IBUF_BUFG | u_FIR/fir_10k_lowpass/U0/i_synth/g_single_rate.i_single_rate/g_semi_parallel_and_smac.g_cntrl[13].cntrl_src[3]            |                                                                                                                             |                2 |             10 |         5.00 |
|  clk_50M_IBUF_BUFG | u_FIR/fir_10k_lowpass/U0/i_synth/g_single_rate.i_single_rate/g_semi_parallel_and_smac.g_cntrl[140].cntrl_src[3]           |                                                                                                                             |                2 |             10 |         5.00 |
|  clk_50M_IBUF_BUFG | u_FIR/fir_10k_lowpass/U0/i_synth/g_single_rate.i_single_rate/g_semi_parallel_and_smac.g_cntrl[14].cntrl_src[3]            |                                                                                                                             |                2 |             10 |         5.00 |
|  clk_50M_IBUF_BUFG | u_FIR/fir_10k_lowpass/U0/i_synth/g_single_rate.i_single_rate/g_semi_parallel_and_smac.g_cntrl[146].cntrl_src[3]           |                                                                                                                             |                2 |             10 |         5.00 |
|  clk_50M_IBUF_BUFG | u_FIR/fir_10k_lowpass/U0/i_synth/g_single_rate.i_single_rate/g_semi_parallel_and_smac.g_cntrl[149].cntrl_src[3]           |                                                                                                                             |                2 |             10 |         5.00 |
|  clk_50M_IBUF_BUFG | u_FIR/fir_10k_lowpass/U0/i_synth/g_single_rate.i_single_rate/g_semi_parallel_and_smac.g_cntrl[147].cntrl_src[3]           |                                                                                                                             |                2 |             10 |         5.00 |
|  clk_50M_IBUF_BUFG | u_FIR/fir_10k_lowpass/U0/i_synth/g_single_rate.i_single_rate/g_semi_parallel_and_smac.g_cntrl[151].cntrl_src[3]           |                                                                                                                             |                2 |             10 |         5.00 |
|  clk_50M_IBUF_BUFG | u_FIR/fir_10k_lowpass/U0/i_synth/g_single_rate.i_single_rate/g_semi_parallel_and_smac.g_cntrl[152].cntrl_src[3]           |                                                                                                                             |                2 |             10 |         5.00 |
|  clk_50M_IBUF_BUFG | u_FIR/fir_10k_lowpass/U0/i_synth/g_single_rate.i_single_rate/g_semi_parallel_and_smac.g_cntrl[148].cntrl_src[3]           |                                                                                                                             |                2 |             10 |         5.00 |
|  clk_50M_IBUF_BUFG | u_FIR/fir_10k_lowpass/U0/i_synth/g_single_rate.i_single_rate/g_semi_parallel_and_smac.g_cntrl[150].cntrl_src[3]           |                                                                                                                             |                2 |             10 |         5.00 |
|  clk_50M_IBUF_BUFG | u_FIR/fir_10k_lowpass/U0/i_synth/g_single_rate.i_single_rate/g_semi_parallel_and_smac.g_cntrl[153].cntrl_src[3]           |                                                                                                                             |                2 |             10 |         5.00 |
|  clk_50M_IBUF_BUFG | u_FIR/fir_10k_lowpass/U0/i_synth/g_single_rate.i_single_rate/g_semi_parallel_and_smac.g_cntrl[15].cntrl_src[3]            |                                                                                                                             |                2 |             10 |         5.00 |
|  clk_50M_IBUF_BUFG | u_FIR/fir_10k_lowpass/U0/i_synth/g_single_rate.i_single_rate/g_semi_parallel_and_smac.g_cntrl[156].cntrl_src[3]           |                                                                                                                             |                2 |             10 |         5.00 |
|  clk_50M_IBUF_BUFG | u_FIR/fir_10k_lowpass/U0/i_synth/g_single_rate.i_single_rate/g_semi_parallel_and_smac.g_cntrl[161].cntrl_src[3]           |                                                                                                                             |                2 |             10 |         5.00 |
|  clk_50M_IBUF_BUFG | u_FIR/fir_10k_lowpass/U0/i_synth/g_single_rate.i_single_rate/g_semi_parallel_and_smac.g_cntrl[159].cntrl_src[3]           |                                                                                                                             |                2 |             10 |         5.00 |
|  clk_50M_IBUF_BUFG | u_FIR/fir_10k_lowpass/U0/i_synth/g_single_rate.i_single_rate/g_semi_parallel_and_smac.g_cntrl[158].cntrl_src[3]           |                                                                                                                             |                2 |             10 |         5.00 |
|  clk_50M_IBUF_BUFG | u_FIR/fir_10k_lowpass/U0/i_synth/g_single_rate.i_single_rate/g_semi_parallel_and_smac.g_cntrl[160].cntrl_src[3]           |                                                                                                                             |                2 |             10 |         5.00 |
|  clk_50M_IBUF_BUFG | u_FIR/fir_10k_lowpass/U0/i_synth/g_single_rate.i_single_rate/g_semi_parallel_and_smac.g_cntrl[157].cntrl_src[3]           |                                                                                                                             |                2 |             10 |         5.00 |
|  clk_50M_IBUF_BUFG | u_FIR/fir_10k_lowpass/U0/i_synth/g_single_rate.i_single_rate/g_semi_parallel_and_smac.g_cntrl[154].cntrl_src[3]           |                                                                                                                             |                2 |             10 |         5.00 |
|  clk_50M_IBUF_BUFG | u_FIR/fir_10k_lowpass/U0/i_synth/g_single_rate.i_single_rate/g_semi_parallel_and_smac.g_cntrl[155].cntrl_src[3]           |                                                                                                                             |                2 |             10 |         5.00 |
|  clk_50M_IBUF_BUFG | u_FIR/fir_10k_lowpass/U0/i_synth/g_single_rate.i_single_rate/g_semi_parallel_and_smac.g_cntrl[166].cntrl_src[3]           |                                                                                                                             |                2 |             10 |         5.00 |
|  clk_50M_IBUF_BUFG | u_FIR/fir_10k_lowpass/U0/i_synth/g_single_rate.i_single_rate/g_semi_parallel_and_smac.g_cntrl[167].cntrl_src[3]           |                                                                                                                             |                2 |             10 |         5.00 |
|  clk_50M_IBUF_BUFG | u_FIR/fir_10k_lowpass/U0/i_synth/g_single_rate.i_single_rate/g_semi_parallel_and_smac.g_cntrl[162].cntrl_src[3]           |                                                                                                                             |                2 |             10 |         5.00 |
|  clk_50M_IBUF_BUFG | u_FIR/fir_10k_lowpass/U0/i_synth/g_single_rate.i_single_rate/g_semi_parallel_and_smac.g_cntrl[163].cntrl_src[3]           |                                                                                                                             |                2 |             10 |         5.00 |
|  clk_50M_IBUF_BUFG | u_FIR/fir_10k_lowpass/U0/i_synth/g_single_rate.i_single_rate/g_semi_parallel_and_smac.g_cntrl[169].cntrl_src[3]           |                                                                                                                             |                2 |             10 |         5.00 |
|  clk_50M_IBUF_BUFG | u_FIR/fir_10k_lowpass/U0/i_synth/g_single_rate.i_single_rate/g_semi_parallel_and_smac.g_cntrl[16].cntrl_src[3]            |                                                                                                                             |                2 |             10 |         5.00 |
|  clk_50M_IBUF_BUFG | u_FIR/fir_10k_lowpass/U0/i_synth/g_single_rate.i_single_rate/g_semi_parallel_and_smac.g_cntrl[164].cntrl_src[3]           |                                                                                                                             |                2 |             10 |         5.00 |
|  clk_50M_IBUF_BUFG | u_FIR/fir_10k_lowpass/U0/i_synth/g_single_rate.i_single_rate/g_semi_parallel_and_smac.g_cntrl[168].cntrl_src[3]           |                                                                                                                             |                2 |             10 |         5.00 |
|  clk_50M_IBUF_BUFG | u_FIR/fir_10k_lowpass/U0/i_synth/g_single_rate.i_single_rate/g_semi_parallel_and_smac.g_cntrl[165].cntrl_src[3]           |                                                                                                                             |                2 |             10 |         5.00 |
|  clk_50M_IBUF_BUFG | u_FIR/fir_10k_lowpass/U0/i_synth/g_single_rate.i_single_rate/g_semi_parallel_and_smac.g_cntrl[170].cntrl_src[3]           |                                                                                                                             |                2 |             10 |         5.00 |
|  clk_50M_IBUF_BUFG | u_FIR/fir_10k_lowpass/U0/i_synth/g_single_rate.i_single_rate/g_semi_parallel_and_smac.g_cntrl[171].cntrl_src[3]           |                                                                                                                             |                2 |             10 |         5.00 |
|  clk_50M_IBUF_BUFG | u_FIR/fir_10k_lowpass/U0/i_synth/g_single_rate.i_single_rate/g_semi_parallel_and_smac.g_cntrl[172].cntrl_src[3]           |                                                                                                                             |                2 |             10 |         5.00 |
|  clk_50M_IBUF_BUFG | u_FIR/fir_10k_lowpass/U0/i_synth/g_single_rate.i_single_rate/g_semi_parallel_and_smac.g_cntrl[497].cntrl_src[3]           |                                                                                                                             |                2 |             10 |         5.00 |
|  clk_50M_IBUF_BUFG | u_FIR/fir_10k_lowpass/U0/i_synth/g_single_rate.i_single_rate/g_semi_parallel_and_smac.g_cntrl[502].cntrl_src[3]           |                                                                                                                             |                2 |             10 |         5.00 |
|  clk_50M_IBUF_BUFG | u_FIR/fir_10k_lowpass/U0/i_synth/g_single_rate.i_single_rate/g_semi_parallel_and_smac.g_cntrl[498].cntrl_src[3]           |                                                                                                                             |                2 |             10 |         5.00 |
|  clk_50M_IBUF_BUFG | u_FIR/fir_10k_lowpass/U0/i_synth/g_single_rate.i_single_rate/g_semi_parallel_and_smac.g_cntrl[500].cntrl_src[3]           |                                                                                                                             |                2 |             10 |         5.00 |
|  clk_50M_IBUF_BUFG | u_FIR/fir_10k_lowpass/U0/i_synth/g_single_rate.i_single_rate/g_semi_parallel_and_smac.g_cntrl[499].cntrl_src[3]           |                                                                                                                             |                2 |             10 |         5.00 |
|  clk_50M_IBUF_BUFG | u_FIR/fir_10k_lowpass/U0/i_synth/g_single_rate.i_single_rate/g_semi_parallel_and_smac.g_cntrl[49].cntrl_src[3]            |                                                                                                                             |                2 |             10 |         5.00 |
|  clk_50M_IBUF_BUFG | u_FIR/fir_10k_lowpass/U0/i_synth/g_single_rate.i_single_rate/g_semi_parallel_and_smac.g_cntrl[503].cntrl_src[3]           |                                                                                                                             |                2 |             10 |         5.00 |
|  clk_50M_IBUF_BUFG | u_FIR/fir_10k_lowpass/U0/i_synth/g_single_rate.i_single_rate/g_semi_parallel_and_smac.g_cntrl[4].cntrl_src[3]             |                                                                                                                             |                2 |             10 |         5.00 |
|  clk_50M_IBUF_BUFG | u_FIR/fir_10k_lowpass/U0/i_synth/g_single_rate.i_single_rate/g_semi_parallel_and_smac.g_cntrl[501].cntrl_src[3]           |                                                                                                                             |                2 |             10 |         5.00 |
|  clk_50M_IBUF_BUFG | u_FIR/fir_10k_lowpass/U0/i_synth/g_single_rate.i_single_rate/g_semi_parallel_and_smac.g_cntrl[506].cntrl_src[3]           |                                                                                                                             |                2 |             10 |         5.00 |
|  clk_50M_IBUF_BUFG | u_FIR/fir_10k_lowpass/U0/i_synth/g_single_rate.i_single_rate/g_semi_parallel_and_smac.g_cntrl[510].cntrl_src[3]           |                                                                                                                             |                2 |             10 |         5.00 |
|  clk_50M_IBUF_BUFG | u_FIR/fir_10k_lowpass/U0/i_synth/g_single_rate.i_single_rate/g_semi_parallel_and_smac.g_cntrl[507].cntrl_src[3]           |                                                                                                                             |                2 |             10 |         5.00 |
|  clk_50M_IBUF_BUFG | u_FIR/fir_10k_lowpass/U0/i_synth/g_single_rate.i_single_rate/g_semi_parallel_and_smac.g_cntrl[50].cntrl_src[3]            |                                                                                                                             |                2 |             10 |         5.00 |
|  clk_50M_IBUF_BUFG | u_FIR/fir_10k_lowpass/U0/i_synth/g_single_rate.i_single_rate/g_semi_parallel_and_smac.g_cntrl[509].cntrl_src[3]           |                                                                                                                             |                2 |             10 |         5.00 |
|  clk_50M_IBUF_BUFG | u_FIR/fir_10k_lowpass/U0/i_synth/g_single_rate.i_single_rate/g_semi_parallel_and_smac.g_cntrl[505].cntrl_src[3]           |                                                                                                                             |                2 |             10 |         5.00 |
|  clk_50M_IBUF_BUFG | u_FIR/fir_10k_lowpass/U0/i_synth/g_single_rate.i_single_rate/g_semi_parallel_and_smac.g_cntrl[504].cntrl_src[3]           |                                                                                                                             |                2 |             10 |         5.00 |
|  clk_50M_IBUF_BUFG | u_FIR/fir_10k_lowpass/U0/i_synth/g_single_rate.i_single_rate/g_semi_parallel_and_smac.g_cntrl[508].cntrl_src[3]           |                                                                                                                             |                2 |             10 |         5.00 |
|  clk_50M_IBUF_BUFG | u_FIR/fir_10k_lowpass/U0/i_synth/g_single_rate.i_single_rate/g_semi_parallel_and_smac.g_cntrl[511].cntrl_src[3]           |                                                                                                                             |                2 |             10 |         5.00 |
|  clk_50M_IBUF_BUFG | u_FIR/fir_10k_lowpass/U0/i_synth/g_single_rate.i_single_rate/g_semi_parallel_and_smac.g_cntrl[297].cntrl_src[3]           |                                                                                                                             |                2 |             10 |         5.00 |
|  clk_50M_IBUF_BUFG | u_FIR/fir_10k_lowpass/U0/i_synth/g_single_rate.i_single_rate/g_semi_parallel_and_smac.g_cntrl[294].cntrl_src[3]           |                                                                                                                             |                2 |             10 |         5.00 |
|  clk_50M_IBUF_BUFG | u_FIR/fir_10k_lowpass/U0/i_synth/g_single_rate.i_single_rate/g_semi_parallel_and_smac.g_cntrl[29].cntrl_src[3]            |                                                                                                                             |                2 |             10 |         5.00 |
|  clk_50M_IBUF_BUFG | u_FIR/fir_10k_lowpass/U0/i_synth/g_single_rate.i_single_rate/g_semi_parallel_and_smac.g_cntrl[295].cntrl_src[3]           |                                                                                                                             |                2 |             10 |         5.00 |
|  clk_50M_IBUF_BUFG | u_FIR/fir_10k_lowpass/U0/i_synth/g_single_rate.i_single_rate/g_semi_parallel_and_smac.g_cntrl[2].cntrl_src[3]             |                                                                                                                             |                2 |             10 |         5.00 |
|  clk_50M_IBUF_BUFG | u_FIR/fir_10k_lowpass/U0/i_synth/g_single_rate.i_single_rate/g_semi_parallel_and_smac.g_cntrl[298].cntrl_src[3]           |                                                                                                                             |                2 |             10 |         5.00 |
|  clk_50M_IBUF_BUFG | u_FIR/fir_10k_lowpass/U0/i_synth/g_single_rate.i_single_rate/g_semi_parallel_and_smac.g_cntrl[296].cntrl_src[3]           |                                                                                                                             |                2 |             10 |         5.00 |
|  clk_50M_IBUF_BUFG | u_FIR/fir_10k_lowpass/U0/i_synth/g_single_rate.i_single_rate/g_semi_parallel_and_smac.g_cntrl[299].cntrl_src[3]           |                                                                                                                             |                2 |             10 |         5.00 |
|  clk_50M_IBUF_BUFG | u_FIR/fir_10k_lowpass/U0/i_synth/g_single_rate.i_single_rate/g_semi_parallel_and_smac.g_cntrl[303].cntrl_src[3]           |                                                                                                                             |                2 |             10 |         5.00 |
|  clk_50M_IBUF_BUFG | u_FIR/fir_10k_lowpass/U0/i_synth/g_single_rate.i_single_rate/g_semi_parallel_and_smac.g_cntrl[306].cntrl_src[3]           |                                                                                                                             |                2 |             10 |         5.00 |
|  clk_50M_IBUF_BUFG | u_FIR/fir_10k_lowpass/U0/i_synth/g_single_rate.i_single_rate/g_semi_parallel_and_smac.g_cntrl[302].cntrl_src[3]           |                                                                                                                             |                2 |             10 |         5.00 |
|  clk_50M_IBUF_BUFG | u_FIR/fir_10k_lowpass/U0/i_synth/g_single_rate.i_single_rate/g_semi_parallel_and_smac.g_cntrl[307].cntrl_src[3]           |                                                                                                                             |                2 |             10 |         5.00 |
|  clk_50M_IBUF_BUFG | u_FIR/fir_10k_lowpass/U0/i_synth/g_single_rate.i_single_rate/g_semi_parallel_and_smac.g_cntrl[301].cntrl_src[3]           |                                                                                                                             |                2 |             10 |         5.00 |
|  clk_50M_IBUF_BUFG | u_FIR/fir_10k_lowpass/U0/i_synth/g_single_rate.i_single_rate/g_semi_parallel_and_smac.g_cntrl[308].cntrl_src[3]           |                                                                                                                             |                2 |             10 |         5.00 |
|  clk_50M_IBUF_BUFG | u_FIR/fir_10k_lowpass/U0/i_synth/g_single_rate.i_single_rate/g_semi_parallel_and_smac.g_cntrl[309].cntrl_src[3]           |                                                                                                                             |                2 |             10 |         5.00 |
|  clk_50M_IBUF_BUFG | u_FIR/fir_10k_lowpass/U0/i_synth/g_single_rate.i_single_rate/g_semi_parallel_and_smac.g_cntrl[304].cntrl_src[3]           |                                                                                                                             |                2 |             10 |         5.00 |
|  clk_50M_IBUF_BUFG | u_FIR/fir_10k_lowpass/U0/i_synth/g_single_rate.i_single_rate/g_semi_parallel_and_smac.g_cntrl[305].cntrl_src[3]           |                                                                                                                             |                2 |             10 |         5.00 |
|  clk_50M_IBUF_BUFG | u_FIR/fir_10k_lowpass/U0/i_synth/g_single_rate.i_single_rate/g_semi_parallel_and_smac.g_cntrl[311].cntrl_src[3]           |                                                                                                                             |                2 |             10 |         5.00 |
|  clk_50M_IBUF_BUFG | u_FIR/fir_10k_lowpass/U0/i_synth/g_single_rate.i_single_rate/g_semi_parallel_and_smac.g_cntrl[312].cntrl_src[3]           |                                                                                                                             |                2 |             10 |         5.00 |
|  clk_50M_IBUF_BUFG | u_FIR/fir_10k_lowpass/U0/i_synth/g_single_rate.i_single_rate/g_semi_parallel_and_smac.g_cntrl[314].cntrl_src[3]           |                                                                                                                             |                2 |             10 |         5.00 |
|  clk_50M_IBUF_BUFG | u_FIR/fir_10k_lowpass/U0/i_synth/g_single_rate.i_single_rate/g_semi_parallel_and_smac.g_cntrl[315].cntrl_src[3]           |                                                                                                                             |                2 |             10 |         5.00 |
|  clk_50M_IBUF_BUFG | u_FIR/fir_10k_lowpass/U0/i_synth/g_single_rate.i_single_rate/g_semi_parallel_and_smac.g_cntrl[313].cntrl_src[3]           |                                                                                                                             |                2 |             10 |         5.00 |
|  clk_50M_IBUF_BUFG | u_FIR/fir_10k_lowpass/U0/i_synth/g_single_rate.i_single_rate/g_semi_parallel_and_smac.g_cntrl[30].cntrl_src[3]            |                                                                                                                             |                2 |             10 |         5.00 |
|  clk_50M_IBUF_BUFG | u_FIR/fir_10k_lowpass/U0/i_synth/g_single_rate.i_single_rate/g_semi_parallel_and_smac.g_cntrl[316].cntrl_src[3]           |                                                                                                                             |                2 |             10 |         5.00 |
|  clk_50M_IBUF_BUFG | u_FIR/fir_10k_lowpass/U0/i_synth/g_single_rate.i_single_rate/g_semi_parallel_and_smac.g_cntrl[310].cntrl_src[3]           |                                                                                                                             |                2 |             10 |         5.00 |
|  clk_50M_IBUF_BUFG | u_FIR/fir_10k_lowpass/U0/i_synth/g_single_rate.i_single_rate/g_semi_parallel_and_smac.g_cntrl[317].cntrl_src[3]           |                                                                                                                             |                2 |             10 |         5.00 |
|  clk_50M_IBUF_BUFG | u_FIR/fir_10k_lowpass/U0/i_synth/g_single_rate.i_single_rate/g_semi_parallel_and_smac.g_cntrl[319].cntrl_src[3]           |                                                                                                                             |                2 |             10 |         5.00 |
|  clk_50M_IBUF_BUFG | u_FIR/fir_10k_lowpass/U0/i_synth/g_single_rate.i_single_rate/g_semi_parallel_and_smac.g_cntrl[318].cntrl_src[3]           |                                                                                                                             |                2 |             10 |         5.00 |
|  clk_50M_IBUF_BUFG | u_FIR/fir_10k_lowpass/U0/i_synth/g_single_rate.i_single_rate/g_semi_parallel_and_smac.g_cntrl[320].cntrl_src[3]           |                                                                                                                             |                2 |             10 |         5.00 |
|  clk_50M_IBUF_BUFG | u_FIR/fir_10k_lowpass/U0/i_synth/g_single_rate.i_single_rate/g_semi_parallel_and_smac.g_cntrl[323].cntrl_src[3]           |                                                                                                                             |                2 |             10 |         5.00 |
|  clk_50M_IBUF_BUFG | u_FIR/fir_10k_lowpass/U0/i_synth/g_single_rate.i_single_rate/g_semi_parallel_and_smac.g_cntrl[324].cntrl_src[3]           |                                                                                                                             |                2 |             10 |         5.00 |
|  clk_50M_IBUF_BUFG | u_FIR/fir_10k_lowpass/U0/i_synth/g_single_rate.i_single_rate/g_semi_parallel_and_smac.g_cntrl[31].cntrl_src[3]            |                                                                                                                             |                2 |             10 |         5.00 |
|  clk_50M_IBUF_BUFG | u_FIR/fir_10k_lowpass/U0/i_synth/g_single_rate.i_single_rate/g_semi_parallel_and_smac.g_cntrl[325].cntrl_src[3]           |                                                                                                                             |                2 |             10 |         5.00 |
|  clk_50M_IBUF_BUFG | u_FIR/fir_10k_lowpass/U0/i_synth/g_single_rate.i_single_rate/g_semi_parallel_and_smac.g_cntrl[321].cntrl_src[3]           |                                                                                                                             |                2 |             10 |         5.00 |
|  clk_50M_IBUF_BUFG | u_FIR/fir_10k_lowpass/U0/i_synth/g_single_rate.i_single_rate/g_semi_parallel_and_smac.g_cntrl[322].cntrl_src[3]           |                                                                                                                             |                2 |             10 |         5.00 |
|  clk_50M_IBUF_BUFG | u_FIR/fir_10k_lowpass/U0/i_synth/g_single_rate.i_single_rate/g_semi_parallel_and_smac.g_cntrl[326].cntrl_src[3]           |                                                                                                                             |                2 |             10 |         5.00 |
|  clk_50M_IBUF_BUFG | u_FIR/fir_10k_lowpass/U0/i_synth/g_single_rate.i_single_rate/g_semi_parallel_and_smac.g_cntrl[330].cntrl_src[3]           |                                                                                                                             |                2 |             10 |         5.00 |
|  clk_50M_IBUF_BUFG | u_FIR/fir_10k_lowpass/U0/i_synth/g_single_rate.i_single_rate/g_semi_parallel_and_smac.g_cntrl[333].cntrl_src[3]           |                                                                                                                             |                2 |             10 |         5.00 |
|  clk_50M_IBUF_BUFG | u_FIR/fir_10k_lowpass/U0/i_synth/g_single_rate.i_single_rate/g_semi_parallel_and_smac.g_cntrl[331].cntrl_src[3]           |                                                                                                                             |                2 |             10 |         5.00 |
|  clk_50M_IBUF_BUFG | u_FIR/fir_10k_lowpass/U0/i_synth/g_single_rate.i_single_rate/g_semi_parallel_and_smac.g_cntrl[334].cntrl_src[3]           |                                                                                                                             |                2 |             10 |         5.00 |
|  clk_50M_IBUF_BUFG | u_FIR/fir_10k_lowpass/U0/i_synth/g_single_rate.i_single_rate/g_semi_parallel_and_smac.g_cntrl[329].cntrl_src[3]           |                                                                                                                             |                2 |             10 |         5.00 |
|  clk_50M_IBUF_BUFG | u_FIR/fir_10k_lowpass/U0/i_synth/g_single_rate.i_single_rate/g_semi_parallel_and_smac.g_cntrl[328].cntrl_src[3]           |                                                                                                                             |                2 |             10 |         5.00 |
|  clk_50M_IBUF_BUFG | u_FIR/fir_10k_lowpass/U0/i_synth/g_single_rate.i_single_rate/g_semi_parallel_and_smac.g_cntrl[327].cntrl_src[3]           |                                                                                                                             |                2 |             10 |         5.00 |
|  clk_50M_IBUF_BUFG | u_FIR/fir_10k_lowpass/U0/i_synth/g_single_rate.i_single_rate/g_semi_parallel_and_smac.g_cntrl[32].cntrl_src[3]            |                                                                                                                             |                2 |             10 |         5.00 |
|  clk_50M_IBUF_BUFG | u_FIR/fir_10k_lowpass/U0/i_synth/g_single_rate.i_single_rate/g_semi_parallel_and_smac.g_cntrl[332].cntrl_src[3]           |                                                                                                                             |                2 |             10 |         5.00 |
|  clk_50M_IBUF_BUFG | u_FIR/fir_10k_lowpass/U0/i_synth/g_single_rate.i_single_rate/g_semi_parallel_and_smac.g_cntrl[342].cntrl_src[3]           |                                                                                                                             |                2 |             10 |         5.00 |
|  clk_50M_IBUF_BUFG | u_FIR/fir_10k_lowpass/U0/i_synth/g_single_rate.i_single_rate/g_semi_parallel_and_smac.g_cntrl[33].cntrl_src[3]            |                                                                                                                             |                2 |             10 |         5.00 |
|  clk_50M_IBUF_BUFG | u_FIR/fir_10k_lowpass/U0/i_synth/g_single_rate.i_single_rate/g_semi_parallel_and_smac.g_cntrl[340].cntrl_src[3]           |                                                                                                                             |                2 |             10 |         5.00 |
|  clk_50M_IBUF_BUFG | u_FIR/fir_10k_lowpass/U0/i_synth/g_single_rate.i_single_rate/g_semi_parallel_and_smac.g_cntrl[339].cntrl_src[3]           |                                                                                                                             |                2 |             10 |         5.00 |
|  clk_50M_IBUF_BUFG | u_FIR/fir_10k_lowpass/U0/i_synth/g_single_rate.i_single_rate/g_semi_parallel_and_smac.g_cntrl[341].cntrl_src[3]           |                                                                                                                             |                2 |             10 |         5.00 |
|  clk_50M_IBUF_BUFG | u_FIR/fir_10k_lowpass/U0/i_synth/g_single_rate.i_single_rate/g_semi_parallel_and_smac.g_cntrl[337].cntrl_src[3]           |                                                                                                                             |                2 |             10 |         5.00 |
|  clk_50M_IBUF_BUFG | u_FIR/fir_10k_lowpass/U0/i_synth/g_single_rate.i_single_rate/g_semi_parallel_and_smac.g_cntrl[338].cntrl_src[3]           |                                                                                                                             |                2 |             10 |         5.00 |
|  clk_50M_IBUF_BUFG | u_FIR/fir_10k_lowpass/U0/i_synth/g_single_rate.i_single_rate/g_semi_parallel_and_smac.g_cntrl[335].cntrl_src[3]           |                                                                                                                             |                2 |             10 |         5.00 |
|  clk_50M_IBUF_BUFG | u_FIR/fir_10k_lowpass/U0/i_synth/g_single_rate.i_single_rate/g_semi_parallel_and_smac.g_cntrl[336].cntrl_src[3]           |                                                                                                                             |                2 |             10 |         5.00 |
|  clk_50M_IBUF_BUFG | u_FIR/fir_10k_lowpass/U0/i_synth/g_single_rate.i_single_rate/g_semi_parallel_and_smac.g_cntrl[346].cntrl_src[3]           |                                                                                                                             |                2 |             10 |         5.00 |
|  clk_50M_IBUF_BUFG | u_FIR/fir_10k_lowpass/U0/i_synth/g_single_rate.i_single_rate/g_semi_parallel_and_smac.g_cntrl[348].cntrl_src[3]           |                                                                                                                             |                2 |             10 |         5.00 |
|  clk_50M_IBUF_BUFG | u_FIR/fir_10k_lowpass/U0/i_synth/g_single_rate.i_single_rate/g_semi_parallel_and_smac.g_cntrl[344].cntrl_src[3]           |                                                                                                                             |                2 |             10 |         5.00 |
|  clk_50M_IBUF_BUFG | u_FIR/fir_10k_lowpass/U0/i_synth/g_single_rate.i_single_rate/g_semi_parallel_and_smac.g_cntrl[343].cntrl_src[3]           |                                                                                                                             |                2 |             10 |         5.00 |
|  clk_50M_IBUF_BUFG | u_FIR/fir_10k_lowpass/U0/i_synth/g_single_rate.i_single_rate/g_semi_parallel_and_smac.g_cntrl[347].cntrl_src[3]           |                                                                                                                             |                2 |             10 |         5.00 |
|  clk_50M_IBUF_BUFG | u_FIR/fir_10k_lowpass/U0/i_synth/g_single_rate.i_single_rate/g_semi_parallel_and_smac.g_cntrl[34].cntrl_src[3]            |                                                                                                                             |                2 |             10 |         5.00 |
|  clk_50M_IBUF_BUFG | u_FIR/fir_10k_lowpass/U0/i_synth/g_single_rate.i_single_rate/g_semi_parallel_and_smac.g_cntrl[345].cntrl_src[3]           |                                                                                                                             |                2 |             10 |         5.00 |
|  clk_50M_IBUF_BUFG | u_FIR/fir_10k_lowpass/U0/i_synth/g_single_rate.i_single_rate/g_semi_parallel_and_smac.g_cntrl[349].cntrl_src[3]           |                                                                                                                             |                2 |             10 |         5.00 |
|  clk_50M_IBUF_BUFG | u_FIR/fir_10k_lowpass/U0/i_synth/g_single_rate.i_single_rate/g_semi_parallel_and_smac.g_cntrl[350].cntrl_src[3]           |                                                                                                                             |                2 |             10 |         5.00 |
|  clk_50M_IBUF_BUFG | u_FIR/fir_10k_lowpass/U0/i_synth/g_single_rate.i_single_rate/g_semi_parallel_and_smac.g_cntrl[355].cntrl_src[3]           |                                                                                                                             |                2 |             10 |         5.00 |
|  clk_50M_IBUF_BUFG | u_FIR/fir_10k_lowpass/U0/i_synth/g_single_rate.i_single_rate/g_semi_parallel_and_smac.g_cntrl[353].cntrl_src[3]           |                                                                                                                             |                2 |             10 |         5.00 |
|  clk_50M_IBUF_BUFG | u_FIR/fir_10k_lowpass/U0/i_synth/g_single_rate.i_single_rate/g_semi_parallel_and_smac.g_cntrl[358].cntrl_src[3]           |                                                                                                                             |                2 |             10 |         5.00 |
|  clk_50M_IBUF_BUFG | u_FIR/fir_10k_lowpass/U0/i_synth/g_single_rate.i_single_rate/g_semi_parallel_and_smac.g_cntrl[359].cntrl_src[3]           |                                                                                                                             |                2 |             10 |         5.00 |
|  clk_50M_IBUF_BUFG | u_FIR/fir_10k_lowpass/U0/i_synth/g_single_rate.i_single_rate/g_semi_parallel_and_smac.g_cntrl[352].cntrl_src[3]           |                                                                                                                             |                2 |             10 |         5.00 |
|  clk_50M_IBUF_BUFG | u_FIR/fir_10k_lowpass/U0/i_synth/g_single_rate.i_single_rate/g_semi_parallel_and_smac.g_cntrl[357].cntrl_src[3]           |                                                                                                                             |                2 |             10 |         5.00 |
|  clk_50M_IBUF_BUFG | u_FIR/fir_10k_lowpass/U0/i_synth/g_single_rate.i_single_rate/g_semi_parallel_and_smac.g_cntrl[351].cntrl_src[3]           |                                                                                                                             |                2 |             10 |         5.00 |
|  clk_50M_IBUF_BUFG | u_FIR/fir_10k_lowpass/U0/i_synth/g_single_rate.i_single_rate/g_semi_parallel_and_smac.g_cntrl[356].cntrl_src[3]           |                                                                                                                             |                2 |             10 |         5.00 |
|  clk_50M_IBUF_BUFG | u_FIR/fir_10k_lowpass/U0/i_synth/g_single_rate.i_single_rate/g_semi_parallel_and_smac.g_cntrl[354].cntrl_src[3]           |                                                                                                                             |                2 |             10 |         5.00 |
|  clk_50M_IBUF_BUFG | u_FIR/fir_10k_lowpass/U0/i_synth/g_single_rate.i_single_rate/g_semi_parallel_and_smac.g_cntrl[366].cntrl_src[3]           |                                                                                                                             |                2 |             10 |         5.00 |
|  clk_50M_IBUF_BUFG | u_FIR/fir_10k_lowpass/U0/i_synth/g_single_rate.i_single_rate/g_semi_parallel_and_smac.g_cntrl[361].cntrl_src[3]           |                                                                                                                             |                2 |             10 |         5.00 |
|  clk_50M_IBUF_BUFG | u_FIR/fir_10k_lowpass/U0/i_synth/g_single_rate.i_single_rate/g_semi_parallel_and_smac.g_cntrl[367].cntrl_src[3]           |                                                                                                                             |                2 |             10 |         5.00 |
|  clk_50M_IBUF_BUFG | u_FIR/fir_10k_lowpass/U0/i_synth/g_single_rate.i_single_rate/g_semi_parallel_and_smac.g_cntrl[35].cntrl_src[3]            |                                                                                                                             |                2 |             10 |         5.00 |
|  clk_50M_IBUF_BUFG | u_FIR/fir_10k_lowpass/U0/i_synth/g_single_rate.i_single_rate/g_semi_parallel_and_smac.g_cntrl[364].cntrl_src[3]           |                                                                                                                             |                2 |             10 |         5.00 |
|  clk_50M_IBUF_BUFG | u_FIR/fir_10k_lowpass/U0/i_synth/g_single_rate.i_single_rate/g_semi_parallel_and_smac.g_cntrl[363].cntrl_src[3]           |                                                                                                                             |                2 |             10 |         5.00 |
|  clk_50M_IBUF_BUFG | u_FIR/fir_10k_lowpass/U0/i_synth/g_single_rate.i_single_rate/g_semi_parallel_and_smac.g_cntrl[368].cntrl_src[3]           |                                                                                                                             |                2 |             10 |         5.00 |
|  clk_50M_IBUF_BUFG | u_FIR/fir_10k_lowpass/U0/i_synth/g_single_rate.i_single_rate/g_semi_parallel_and_smac.g_cntrl[365].cntrl_src[3]           |                                                                                                                             |                2 |             10 |         5.00 |
|  clk_50M_IBUF_BUFG | u_FIR/fir_10k_lowpass/U0/i_synth/g_single_rate.i_single_rate/g_semi_parallel_and_smac.g_cntrl[362].cntrl_src[3]           |                                                                                                                             |                2 |             10 |         5.00 |
|  clk_50M_IBUF_BUFG | u_FIR/fir_10k_lowpass/U0/i_synth/g_single_rate.i_single_rate/g_semi_parallel_and_smac.g_cntrl[371].cntrl_src[3]           |                                                                                                                             |                2 |             10 |         5.00 |
|  clk_50M_IBUF_BUFG | u_FIR/fir_10k_lowpass/U0/i_synth/g_single_rate.i_single_rate/g_semi_parallel_and_smac.g_cntrl[375].cntrl_src[3]           |                                                                                                                             |                2 |             10 |         5.00 |
|  clk_50M_IBUF_BUFG | u_FIR/fir_10k_lowpass/U0/i_synth/g_single_rate.i_single_rate/g_semi_parallel_and_smac.g_cntrl[369].cntrl_src[3]           |                                                                                                                             |                2 |             10 |         5.00 |
|  clk_50M_IBUF_BUFG | u_FIR/fir_10k_lowpass/U0/i_synth/g_single_rate.i_single_rate/g_semi_parallel_and_smac.g_cntrl[370].cntrl_src[3]           |                                                                                                                             |                2 |             10 |         5.00 |
|  clk_50M_IBUF_BUFG | u_FIR/fir_10k_lowpass/U0/i_synth/g_single_rate.i_single_rate/g_semi_parallel_and_smac.g_cntrl[373].cntrl_src[3]           |                                                                                                                             |                2 |             10 |         5.00 |
|  clk_50M_IBUF_BUFG | u_FIR/fir_10k_lowpass/U0/i_synth/g_single_rate.i_single_rate/g_semi_parallel_and_smac.g_cntrl[376].cntrl_src[3]           |                                                                                                                             |                2 |             10 |         5.00 |
|  clk_50M_IBUF_BUFG | u_FIR/fir_10k_lowpass/U0/i_synth/g_single_rate.i_single_rate/g_semi_parallel_and_smac.g_cntrl[36].cntrl_src[3]            |                                                                                                                             |                2 |             10 |         5.00 |
|  clk_50M_IBUF_BUFG | u_FIR/fir_10k_lowpass/U0/i_synth/g_single_rate.i_single_rate/g_semi_parallel_and_smac.g_cntrl[372].cntrl_src[3]           |                                                                                                                             |                2 |             10 |         5.00 |
|  clk_50M_IBUF_BUFG | u_FIR/fir_10k_lowpass/U0/i_synth/g_single_rate.i_single_rate/g_semi_parallel_and_smac.g_cntrl[374].cntrl_src[3]           |                                                                                                                             |                2 |             10 |         5.00 |
|  clk_50M_IBUF_BUFG | u_FIR/fir_10k_lowpass/U0/i_synth/g_single_rate.i_single_rate/g_semi_parallel_and_smac.g_cntrl[383].cntrl_src[3]           |                                                                                                                             |                2 |             10 |         5.00 |
|  clk_50M_IBUF_BUFG | u_FIR/fir_10k_lowpass/U0/i_synth/g_single_rate.i_single_rate/g_semi_parallel_and_smac.g_cntrl[380].cntrl_src[3]           |                                                                                                                             |                2 |             10 |         5.00 |
|  clk_50M_IBUF_BUFG | u_FIR/fir_10k_lowpass/U0/i_synth/g_single_rate.i_single_rate/g_semi_parallel_and_smac.g_cntrl[384].cntrl_src[3]           |                                                                                                                             |                2 |             10 |         5.00 |
|  clk_50M_IBUF_BUFG | u_FIR/fir_10k_lowpass/U0/i_synth/g_single_rate.i_single_rate/g_semi_parallel_and_smac.g_cntrl[378].cntrl_src[3]           |                                                                                                                             |                2 |             10 |         5.00 |
|  clk_50M_IBUF_BUFG | u_FIR/fir_10k_lowpass/U0/i_synth/g_single_rate.i_single_rate/g_semi_parallel_and_smac.g_cntrl[377].cntrl_src[3]           |                                                                                                                             |                2 |             10 |         5.00 |
|  clk_50M_IBUF_BUFG | u_FIR/fir_10k_lowpass/U0/i_synth/g_single_rate.i_single_rate/g_semi_parallel_and_smac.g_cntrl[382].cntrl_src[3]           |                                                                                                                             |                2 |             10 |         5.00 |
|  clk_50M_IBUF_BUFG | u_FIR/fir_10k_lowpass/U0/i_synth/g_single_rate.i_single_rate/g_semi_parallel_and_smac.g_cntrl[379].cntrl_src[3]           |                                                                                                                             |                2 |             10 |         5.00 |
|  clk_50M_IBUF_BUFG | u_FIR/fir_10k_lowpass/U0/i_synth/g_single_rate.i_single_rate/g_semi_parallel_and_smac.g_cntrl[37].cntrl_src[3]            |                                                                                                                             |                2 |             10 |         5.00 |
|  clk_50M_IBUF_BUFG | u_FIR/fir_10k_lowpass/U0/i_synth/g_single_rate.i_single_rate/g_semi_parallel_and_smac.g_cntrl[381].cntrl_src[3]           |                                                                                                                             |                2 |             10 |         5.00 |
|  clk_50M_IBUF_BUFG | u_FIR/fir_10k_lowpass/U0/i_synth/g_single_rate.i_single_rate/g_semi_parallel_and_smac.g_cntrl[390].cntrl_src[3]           |                                                                                                                             |                2 |             10 |         5.00 |
|  clk_50M_IBUF_BUFG | u_FIR/fir_10k_lowpass/U0/i_synth/g_single_rate.i_single_rate/g_semi_parallel_and_smac.g_cntrl[392].cntrl_src[3]           |                                                                                                                             |                2 |             10 |         5.00 |
|  clk_50M_IBUF_BUFG | u_FIR/fir_10k_lowpass/U0/i_synth/g_single_rate.i_single_rate/g_semi_parallel_and_smac.g_cntrl[386].cntrl_src[3]           |                                                                                                                             |                2 |             10 |         5.00 |
|  clk_50M_IBUF_BUFG | u_FIR/fir_10k_lowpass/U0/i_synth/g_single_rate.i_single_rate/g_semi_parallel_and_smac.g_cntrl[38].cntrl_src[3]            |                                                                                                                             |                2 |             10 |         5.00 |
|  clk_50M_IBUF_BUFG | u_FIR/fir_10k_lowpass/U0/i_synth/g_single_rate.i_single_rate/g_semi_parallel_and_smac.g_cntrl[393].cntrl_src[3]           |                                                                                                                             |                2 |             10 |         5.00 |
|  clk_50M_IBUF_BUFG | u_FIR/fir_10k_lowpass/U0/i_synth/g_single_rate.i_single_rate/g_semi_parallel_and_smac.g_cntrl[385].cntrl_src[3]           |                                                                                                                             |                2 |             10 |         5.00 |
|  clk_50M_IBUF_BUFG | u_FIR/fir_10k_lowpass/U0/i_synth/g_single_rate.i_single_rate/g_semi_parallel_and_smac.g_cntrl[388].cntrl_src[3]           |                                                                                                                             |                2 |             10 |         5.00 |
|  clk_50M_IBUF_BUFG | u_FIR/fir_10k_lowpass/U0/i_synth/g_single_rate.i_single_rate/g_semi_parallel_and_smac.g_cntrl[387].cntrl_src[3]           |                                                                                                                             |                2 |             10 |         5.00 |
|  clk_50M_IBUF_BUFG | u_FIR/fir_10k_lowpass/U0/i_synth/g_single_rate.i_single_rate/g_semi_parallel_and_smac.g_cntrl[389].cntrl_src[3]           |                                                                                                                             |                2 |             10 |         5.00 |
|  clk_50M_IBUF_BUFG | u_FIR/fir_10k_lowpass/U0/i_synth/g_single_rate.i_single_rate/g_semi_parallel_and_smac.g_cntrl[391].cntrl_src[3]           |                                                                                                                             |                2 |             10 |         5.00 |
|  clk_50M_IBUF_BUFG | u_FIR/fir_10k_lowpass/U0/i_synth/g_single_rate.i_single_rate/g_semi_parallel_and_smac.g_cntrl[398].cntrl_src[3]           |                                                                                                                             |                2 |             10 |         5.00 |
|  clk_50M_IBUF_BUFG | u_FIR/fir_10k_lowpass/U0/i_synth/g_single_rate.i_single_rate/g_semi_parallel_and_smac.g_cntrl[395].cntrl_src[3]           |                                                                                                                             |                2 |             10 |         5.00 |
|  clk_50M_IBUF_BUFG | u_FIR/fir_10k_lowpass/U0/i_synth/g_single_rate.i_single_rate/g_semi_parallel_and_smac.g_cntrl[397].cntrl_src[3]           |                                                                                                                             |                2 |             10 |         5.00 |
|  clk_50M_IBUF_BUFG | u_FIR/fir_10k_lowpass/U0/i_synth/g_single_rate.i_single_rate/g_semi_parallel_and_smac.g_cntrl[39].cntrl_src[3]            |                                                                                                                             |                2 |             10 |         5.00 |
|  clk_50M_IBUF_BUFG | u_FIR/fir_10k_lowpass/U0/i_synth/g_single_rate.i_single_rate/g_semi_parallel_and_smac.g_cntrl[399].cntrl_src[3]           |                                                                                                                             |                2 |             10 |         5.00 |
|  clk_50M_IBUF_BUFG | u_FIR/fir_10k_lowpass/U0/i_synth/g_single_rate.i_single_rate/g_semi_parallel_and_smac.g_cntrl[396].cntrl_src[3]           |                                                                                                                             |                2 |             10 |         5.00 |
|  clk_50M_IBUF_BUFG | u_FIR/fir_10k_lowpass/U0/i_synth/g_single_rate.i_single_rate/g_semi_parallel_and_smac.g_cntrl[394].cntrl_src[3]           |                                                                                                                             |                2 |             10 |         5.00 |
|  clk_50M_IBUF_BUFG | u_FIR/fir_10k_lowpass/U0/i_synth/g_single_rate.i_single_rate/g_semi_parallel_and_smac.g_cntrl[400].cntrl_src[3]           |                                                                                                                             |                2 |             10 |         5.00 |
|  clk_50M_IBUF_BUFG | u_FIR/fir_10k_lowpass/U0/i_synth/g_single_rate.i_single_rate/g_semi_parallel_and_smac.g_cntrl[3].cntrl_src[3]             |                                                                                                                             |                2 |             10 |         5.00 |
|  clk_50M_IBUF_BUFG | u_FIR/fir_10k_lowpass/U0/i_synth/g_single_rate.i_single_rate/g_semi_parallel_and_smac.g_cntrl[409].cntrl_src[3]           |                                                                                                                             |                2 |             10 |         5.00 |
|  clk_50M_IBUF_BUFG | u_FIR/fir_10k_lowpass/U0/i_synth/g_single_rate.i_single_rate/g_semi_parallel_and_smac.g_cntrl[404].cntrl_src[3]           |                                                                                                                             |                2 |             10 |         5.00 |
|  clk_50M_IBUF_BUFG | u_FIR/fir_10k_lowpass/U0/i_synth/g_single_rate.i_single_rate/g_semi_parallel_and_smac.g_cntrl[406].cntrl_src[3]           |                                                                                                                             |                2 |             10 |         5.00 |
|  clk_50M_IBUF_BUFG | u_FIR/fir_10k_lowpass/U0/i_synth/g_single_rate.i_single_rate/g_semi_parallel_and_smac.g_cntrl[407].cntrl_src[3]           |                                                                                                                             |                2 |             10 |         5.00 |
|  clk_50M_IBUF_BUFG | u_FIR/fir_10k_lowpass/U0/i_synth/g_single_rate.i_single_rate/g_semi_parallel_and_smac.g_cntrl[405].cntrl_src[3]           |                                                                                                                             |                2 |             10 |         5.00 |
|  clk_50M_IBUF_BUFG | u_FIR/fir_10k_lowpass/U0/i_synth/g_single_rate.i_single_rate/g_semi_parallel_and_smac.g_cntrl[401].cntrl_src[3]           |                                                                                                                             |                2 |             10 |         5.00 |
|  clk_50M_IBUF_BUFG | u_FIR/fir_10k_lowpass/U0/i_synth/g_single_rate.i_single_rate/g_semi_parallel_and_smac.g_cntrl[408].cntrl_src[3]           |                                                                                                                             |                2 |             10 |         5.00 |
|  clk_50M_IBUF_BUFG | u_FIR/fir_10k_lowpass/U0/i_synth/g_single_rate.i_single_rate/g_semi_parallel_and_smac.g_cntrl[402].cntrl_src[3]           |                                                                                                                             |                2 |             10 |         5.00 |
|  clk_50M_IBUF_BUFG | u_FIR/fir_10k_lowpass/U0/i_synth/g_single_rate.i_single_rate/g_semi_parallel_and_smac.g_cntrl[403].cntrl_src[3]           |                                                                                                                             |                2 |             10 |         5.00 |
|  clk_50M_IBUF_BUFG | u_FIR/fir_10k_lowpass/U0/i_synth/g_single_rate.i_single_rate/g_semi_parallel_and_smac.g_cntrl[417].cntrl_src[3]           |                                                                                                                             |                2 |             10 |         5.00 |
|  clk_50M_IBUF_BUFG | u_FIR/fir_10k_lowpass/U0/i_synth/g_single_rate.i_single_rate/g_semi_parallel_and_smac.g_cntrl[414].cntrl_src[3]           |                                                                                                                             |                2 |             10 |         5.00 |
|  clk_50M_IBUF_BUFG | u_FIR/fir_10k_lowpass/U0/i_synth/g_single_rate.i_single_rate/g_semi_parallel_and_smac.g_cntrl[412].cntrl_src[3]           |                                                                                                                             |                2 |             10 |         5.00 |
|  clk_50M_IBUF_BUFG | u_FIR/fir_10k_lowpass/U0/i_synth/g_single_rate.i_single_rate/g_semi_parallel_and_smac.g_cntrl[40].cntrl_src[3]            |                                                                                                                             |                2 |             10 |         5.00 |
|  clk_50M_IBUF_BUFG | u_FIR/fir_10k_lowpass/U0/i_synth/g_single_rate.i_single_rate/g_semi_parallel_and_smac.g_cntrl[416].cntrl_src[3]           |                                                                                                                             |                2 |             10 |         5.00 |
|  clk_50M_IBUF_BUFG | u_FIR/fir_10k_lowpass/U0/i_synth/g_single_rate.i_single_rate/g_semi_parallel_and_smac.g_cntrl[411].cntrl_src[3]           |                                                                                                                             |                2 |             10 |         5.00 |
|  clk_50M_IBUF_BUFG | u_FIR/fir_10k_lowpass/U0/i_synth/g_single_rate.i_single_rate/g_semi_parallel_and_smac.g_cntrl[410].cntrl_src[3]           |                                                                                                                             |                2 |             10 |         5.00 |
|  clk_50M_IBUF_BUFG | u_FIR/fir_10k_lowpass/U0/i_synth/g_single_rate.i_single_rate/g_semi_parallel_and_smac.g_cntrl[413].cntrl_src[3]           |                                                                                                                             |                2 |             10 |         5.00 |
|  clk_50M_IBUF_BUFG | u_FIR/fir_10k_lowpass/U0/i_synth/g_single_rate.i_single_rate/g_semi_parallel_and_smac.g_cntrl[415].cntrl_src[3]           |                                                                                                                             |                2 |             10 |         5.00 |
|  clk_50M_IBUF_BUFG | u_FIR/fir_10k_lowpass/U0/i_synth/g_single_rate.i_single_rate/g_semi_parallel_and_smac.g_cntrl[41].cntrl_src[3]            |                                                                                                                             |                2 |             10 |         5.00 |
|  clk_50M_IBUF_BUFG | u_FIR/fir_10k_lowpass/U0/i_synth/g_single_rate.i_single_rate/g_semi_parallel_and_smac.g_cntrl[418].cntrl_src[3]           |                                                                                                                             |                2 |             10 |         5.00 |
|  clk_50M_IBUF_BUFG | u_FIR/fir_10k_lowpass/U0/i_synth/g_single_rate.i_single_rate/g_semi_parallel_and_smac.g_cntrl[423].cntrl_src[3]           |                                                                                                                             |                2 |             10 |         5.00 |
|  clk_50M_IBUF_BUFG | u_FIR/fir_10k_lowpass/U0/i_synth/g_single_rate.i_single_rate/g_semi_parallel_and_smac.g_cntrl[422].cntrl_src[3]           |                                                                                                                             |                2 |             10 |         5.00 |
|  clk_50M_IBUF_BUFG | u_FIR/fir_10k_lowpass/U0/i_synth/g_single_rate.i_single_rate/g_semi_parallel_and_smac.g_cntrl[424].cntrl_src[3]           |                                                                                                                             |                2 |             10 |         5.00 |
|  clk_50M_IBUF_BUFG | u_FIR/fir_10k_lowpass/U0/i_synth/g_single_rate.i_single_rate/g_semi_parallel_and_smac.g_cntrl[421].cntrl_src[3]           |                                                                                                                             |                2 |             10 |         5.00 |
|  clk_50M_IBUF_BUFG | u_FIR/fir_10k_lowpass/U0/i_synth/g_single_rate.i_single_rate/g_semi_parallel_and_smac.g_cntrl[419].cntrl_src[3]           |                                                                                                                             |                2 |             10 |         5.00 |
|  clk_50M_IBUF_BUFG | u_FIR/fir_10k_lowpass/U0/i_synth/g_single_rate.i_single_rate/g_semi_parallel_and_smac.g_cntrl[425].cntrl_src[3]           |                                                                                                                             |                2 |             10 |         5.00 |
|  clk_50M_IBUF_BUFG | u_FIR/fir_10k_lowpass/U0/i_synth/g_single_rate.i_single_rate/g_semi_parallel_and_smac.g_cntrl[426].cntrl_src[3]           |                                                                                                                             |                2 |             10 |         5.00 |
|  clk_50M_IBUF_BUFG | u_FIR/fir_10k_lowpass/U0/i_synth/g_single_rate.i_single_rate/g_semi_parallel_and_smac.g_cntrl[429].cntrl_src[3]           |                                                                                                                             |                2 |             10 |         5.00 |
|  clk_50M_IBUF_BUFG | u_FIR/fir_10k_lowpass/U0/i_synth/g_single_rate.i_single_rate/g_semi_parallel_and_smac.g_cntrl[427].cntrl_src[3]           |                                                                                                                             |                2 |             10 |         5.00 |
|  clk_50M_IBUF_BUFG | u_FIR/fir_10k_lowpass/U0/i_synth/g_single_rate.i_single_rate/g_semi_parallel_and_smac.g_cntrl[433].cntrl_src[3]           |                                                                                                                             |                2 |             10 |         5.00 |
|  clk_50M_IBUF_BUFG | u_FIR/fir_10k_lowpass/U0/i_synth/g_single_rate.i_single_rate/g_semi_parallel_and_smac.g_cntrl[434].cntrl_src[3]           |                                                                                                                             |                2 |             10 |         5.00 |
|  clk_50M_IBUF_BUFG | u_FIR/fir_10k_lowpass/U0/i_synth/g_single_rate.i_single_rate/g_semi_parallel_and_smac.g_cntrl[431].cntrl_src[3]           |                                                                                                                             |                2 |             10 |         5.00 |
|  clk_50M_IBUF_BUFG | u_FIR/fir_10k_lowpass/U0/i_synth/g_single_rate.i_single_rate/g_semi_parallel_and_smac.g_cntrl[42].cntrl_src[3]            |                                                                                                                             |                2 |             10 |         5.00 |
|  clk_50M_IBUF_BUFG | u_FIR/fir_10k_lowpass/U0/i_synth/g_single_rate.i_single_rate/g_semi_parallel_and_smac.g_cntrl[430].cntrl_src[3]           |                                                                                                                             |                2 |             10 |         5.00 |
|  clk_50M_IBUF_BUFG | u_FIR/fir_10k_lowpass/U0/i_synth/g_single_rate.i_single_rate/g_semi_parallel_and_smac.g_cntrl[432].cntrl_src[3]           |                                                                                                                             |                2 |             10 |         5.00 |
|  clk_50M_IBUF_BUFG | u_FIR/fir_10k_lowpass/U0/i_synth/g_single_rate.i_single_rate/g_semi_parallel_and_smac.g_cntrl[428].cntrl_src[3]           |                                                                                                                             |                2 |             10 |         5.00 |
|  clk_50M_IBUF_BUFG | u_FIR/fir_10k_lowpass/U0/i_synth/g_single_rate.i_single_rate/g_semi_parallel_and_smac.g_cntrl[437].cntrl_src[3]           |                                                                                                                             |                2 |             10 |         5.00 |
|  clk_50M_IBUF_BUFG | u_FIR/fir_10k_lowpass/U0/i_synth/g_single_rate.i_single_rate/g_semi_parallel_and_smac.g_cntrl[442].cntrl_src[3]           |                                                                                                                             |                2 |             10 |         5.00 |
|  clk_50M_IBUF_BUFG | u_FIR/fir_10k_lowpass/U0/i_synth/g_single_rate.i_single_rate/g_semi_parallel_and_smac.g_cntrl[43].cntrl_src[3]            |                                                                                                                             |                2 |             10 |         5.00 |
|  clk_50M_IBUF_BUFG | u_FIR/fir_10k_lowpass/U0/i_synth/g_single_rate.i_single_rate/g_semi_parallel_and_smac.g_cntrl[440].cntrl_src[3]           |                                                                                                                             |                2 |             10 |         5.00 |
|  clk_50M_IBUF_BUFG | u_FIR/fir_10k_lowpass/U0/i_synth/g_single_rate.i_single_rate/g_semi_parallel_and_smac.g_cntrl[436].cntrl_src[3]           |                                                                                                                             |                2 |             10 |         5.00 |
|  clk_50M_IBUF_BUFG | u_FIR/fir_10k_lowpass/U0/i_synth/g_single_rate.i_single_rate/g_semi_parallel_and_smac.g_cntrl[438].cntrl_src[3]           |                                                                                                                             |                2 |             10 |         5.00 |
|  clk_50M_IBUF_BUFG | u_FIR/fir_10k_lowpass/U0/i_synth/g_single_rate.i_single_rate/g_semi_parallel_and_smac.g_cntrl[435].cntrl_src[3]           |                                                                                                                             |                2 |             10 |         5.00 |
|  clk_50M_IBUF_BUFG | u_FIR/fir_10k_lowpass/U0/i_synth/g_single_rate.i_single_rate/g_semi_parallel_and_smac.g_cntrl[441].cntrl_src[3]           |                                                                                                                             |                2 |             10 |         5.00 |
|  clk_50M_IBUF_BUFG | u_FIR/fir_10k_lowpass/U0/i_synth/g_single_rate.i_single_rate/g_semi_parallel_and_smac.g_cntrl[439].cntrl_src[3]           |                                                                                                                             |                2 |             10 |         5.00 |
|  clk_50M_IBUF_BUFG | u_FIR/fir_10k_lowpass/U0/i_synth/g_single_rate.i_single_rate/g_semi_parallel_and_smac.g_cntrl[450].cntrl_src[3]           |                                                                                                                             |                2 |             10 |         5.00 |
|  clk_50M_IBUF_BUFG | u_FIR/fir_10k_lowpass/U0/i_synth/g_single_rate.i_single_rate/g_semi_parallel_and_smac.g_cntrl[444].cntrl_src[3]           |                                                                                                                             |                2 |             10 |         5.00 |
|  clk_50M_IBUF_BUFG | u_FIR/fir_10k_lowpass/U0/i_synth/g_single_rate.i_single_rate/g_semi_parallel_and_smac.g_cntrl[451].cntrl_src[3]           |                                                                                                                             |                2 |             10 |         5.00 |
|  clk_50M_IBUF_BUFG | u_FIR/fir_10k_lowpass/U0/i_synth/g_single_rate.i_single_rate/g_semi_parallel_and_smac.g_cntrl[443].cntrl_src[3]           |                                                                                                                             |                2 |             10 |         5.00 |
|  clk_50M_IBUF_BUFG | u_FIR/fir_10k_lowpass/U0/i_synth/g_single_rate.i_single_rate/g_semi_parallel_and_smac.g_cntrl[447].cntrl_src[3]           |                                                                                                                             |                2 |             10 |         5.00 |
|  clk_50M_IBUF_BUFG | u_FIR/fir_10k_lowpass/U0/i_synth/g_single_rate.i_single_rate/g_semi_parallel_and_smac.g_cntrl[449].cntrl_src[3]           |                                                                                                                             |                2 |             10 |         5.00 |
|  clk_50M_IBUF_BUFG | u_FIR/fir_10k_lowpass/U0/i_synth/g_single_rate.i_single_rate/g_semi_parallel_and_smac.g_cntrl[44].cntrl_src[3]            |                                                                                                                             |                2 |             10 |         5.00 |
|  clk_50M_IBUF_BUFG | u_FIR/fir_10k_lowpass/U0/i_synth/g_single_rate.i_single_rate/g_semi_parallel_and_smac.g_cntrl[445].cntrl_src[3]           |                                                                                                                             |                2 |             10 |         5.00 |
|  clk_50M_IBUF_BUFG | u_FIR/fir_10k_lowpass/U0/i_synth/g_single_rate.i_single_rate/g_semi_parallel_and_smac.g_cntrl[446].cntrl_src[3]           |                                                                                                                             |                2 |             10 |         5.00 |
|  clk_50M_IBUF_BUFG | u_FIR/fir_10k_lowpass/U0/i_synth/g_single_rate.i_single_rate/g_semi_parallel_and_smac.g_cntrl[448].cntrl_src[3]           |                                                                                                                             |                2 |             10 |         5.00 |
|  clk_50M_IBUF_BUFG | u_FIR/fir_10k_lowpass/U0/i_synth/g_single_rate.i_single_rate/g_semi_parallel_and_smac.g_cntrl[456].cntrl_src[3]           |                                                                                                                             |                2 |             10 |         5.00 |
|  clk_50M_IBUF_BUFG | u_FIR/fir_10k_lowpass/U0/i_synth/g_single_rate.i_single_rate/g_semi_parallel_and_smac.g_cntrl[459].cntrl_src[3]           |                                                                                                                             |                2 |             10 |         5.00 |
|  clk_50M_IBUF_BUFG | u_FIR/fir_10k_lowpass/U0/i_synth/g_single_rate.i_single_rate/g_semi_parallel_and_smac.g_cntrl[45].cntrl_src[3]            |                                                                                                                             |                2 |             10 |         5.00 |
|  clk_50M_IBUF_BUFG | u_FIR/fir_10k_lowpass/U0/i_synth/g_single_rate.i_single_rate/g_semi_parallel_and_smac.g_cntrl[457].cntrl_src[3]           |                                                                                                                             |                2 |             10 |         5.00 |
|  clk_50M_IBUF_BUFG | u_FIR/fir_10k_lowpass/U0/i_synth/g_single_rate.i_single_rate/g_semi_parallel_and_smac.g_cntrl[458].cntrl_src[3]           |                                                                                                                             |                2 |             10 |         5.00 |
|  clk_50M_IBUF_BUFG | u_FIR/fir_10k_lowpass/U0/i_synth/g_single_rate.i_single_rate/g_semi_parallel_and_smac.g_cntrl[453].cntrl_src[3]           |                                                                                                                             |                2 |             10 |         5.00 |
|  clk_50M_IBUF_BUFG | u_FIR/fir_10k_lowpass/U0/i_synth/g_single_rate.i_single_rate/g_semi_parallel_and_smac.g_cntrl[455].cntrl_src[3]           |                                                                                                                             |                2 |             10 |         5.00 |
|  clk_50M_IBUF_BUFG | u_FIR/fir_10k_lowpass/U0/i_synth/g_single_rate.i_single_rate/g_semi_parallel_and_smac.g_cntrl[452].cntrl_src[3]           |                                                                                                                             |                2 |             10 |         5.00 |
|  clk_50M_IBUF_BUFG | u_FIR/fir_10k_lowpass/U0/i_synth/g_single_rate.i_single_rate/g_semi_parallel_and_smac.g_cntrl[454].cntrl_src[3]           |                                                                                                                             |                2 |             10 |         5.00 |
|  clk_50M_IBUF_BUFG | u_FIR/fir_10k_lowpass/U0/i_synth/g_single_rate.i_single_rate/g_semi_parallel_and_smac.g_cntrl[467].cntrl_src[3]           |                                                                                                                             |                2 |             10 |         5.00 |
|  clk_50M_IBUF_BUFG | u_FIR/fir_10k_lowpass/U0/i_synth/g_single_rate.i_single_rate/g_semi_parallel_and_smac.g_cntrl[461].cntrl_src[3]           |                                                                                                                             |                2 |             10 |         5.00 |
|  clk_50M_IBUF_BUFG | u_FIR/fir_10k_lowpass/U0/i_synth/g_single_rate.i_single_rate/g_semi_parallel_and_smac.g_cntrl[468].cntrl_src[3]           |                                                                                                                             |                2 |             10 |         5.00 |
|  clk_50M_IBUF_BUFG | u_FIR/fir_10k_lowpass/U0/i_synth/g_single_rate.i_single_rate/g_semi_parallel_and_smac.g_cntrl[460].cntrl_src[3]           |                                                                                                                             |                2 |             10 |         5.00 |
|  clk_50M_IBUF_BUFG | u_FIR/fir_10k_lowpass/U0/i_synth/g_single_rate.i_single_rate/g_semi_parallel_and_smac.g_cntrl[462].cntrl_src[3]           |                                                                                                                             |                2 |             10 |         5.00 |
|  clk_50M_IBUF_BUFG | u_FIR/fir_10k_lowpass/U0/i_synth/g_single_rate.i_single_rate/g_semi_parallel_and_smac.g_cntrl[466].cntrl_src[3]           |                                                                                                                             |                2 |             10 |         5.00 |
|  clk_50M_IBUF_BUFG | u_FIR/fir_10k_lowpass/U0/i_synth/g_single_rate.i_single_rate/g_semi_parallel_and_smac.g_cntrl[463].cntrl_src[3]           |                                                                                                                             |                2 |             10 |         5.00 |
|  clk_50M_IBUF_BUFG | u_FIR/fir_10k_lowpass/U0/i_synth/g_single_rate.i_single_rate/g_semi_parallel_and_smac.g_cntrl[464].cntrl_src[3]           |                                                                                                                             |                2 |             10 |         5.00 |
|  clk_50M_IBUF_BUFG | u_FIR/fir_10k_lowpass/U0/i_synth/g_single_rate.i_single_rate/g_semi_parallel_and_smac.g_cntrl[465].cntrl_src[3]           |                                                                                                                             |                2 |             10 |         5.00 |
|  clk_50M_IBUF_BUFG | u_FIR/fir_10k_lowpass/U0/i_synth/g_single_rate.i_single_rate/g_semi_parallel_and_smac.g_cntrl[470].cntrl_src[3]           |                                                                                                                             |                2 |             10 |         5.00 |
|  clk_50M_IBUF_BUFG | u_FIR/fir_10k_lowpass/U0/i_synth/g_single_rate.i_single_rate/g_semi_parallel_and_smac.g_cntrl[473].cntrl_src[3]           |                                                                                                                             |                2 |             10 |         5.00 |
|  clk_50M_IBUF_BUFG | u_FIR/fir_10k_lowpass/U0/i_synth/g_single_rate.i_single_rate/g_semi_parallel_and_smac.g_cntrl[474].cntrl_src[3]           |                                                                                                                             |                2 |             10 |         5.00 |
|  clk_50M_IBUF_BUFG | u_FIR/fir_10k_lowpass/U0/i_synth/g_single_rate.i_single_rate/g_semi_parallel_and_smac.g_cntrl[472].cntrl_src[3]           |                                                                                                                             |                2 |             10 |         5.00 |
|  clk_50M_IBUF_BUFG | u_FIR/fir_10k_lowpass/U0/i_synth/g_single_rate.i_single_rate/g_semi_parallel_and_smac.g_cntrl[475].cntrl_src[3]           |                                                                                                                             |                2 |             10 |         5.00 |
|  clk_50M_IBUF_BUFG | u_FIR/fir_10k_lowpass/U0/i_synth/g_single_rate.i_single_rate/g_semi_parallel_and_smac.g_cntrl[476].cntrl_src[3]           |                                                                                                                             |                2 |             10 |         5.00 |
|  clk_50M_IBUF_BUFG | u_FIR/fir_10k_lowpass/U0/i_synth/g_single_rate.i_single_rate/g_semi_parallel_and_smac.g_cntrl[471].cntrl_src[3]           |                                                                                                                             |                2 |             10 |         5.00 |
|  clk_50M_IBUF_BUFG | u_FIR/fir_10k_lowpass/U0/i_synth/g_single_rate.i_single_rate/g_semi_parallel_and_smac.g_cntrl[46].cntrl_src[3]            |                                                                                                                             |                2 |             10 |         5.00 |
|  clk_50M_IBUF_BUFG | u_FIR/fir_10k_lowpass/U0/i_synth/g_single_rate.i_single_rate/g_semi_parallel_and_smac.g_cntrl[469].cntrl_src[3]           |                                                                                                                             |                2 |             10 |         5.00 |
|  clk_50M_IBUF_BUFG | u_FIR/fir_10k_lowpass/U0/i_synth/g_single_rate.i_single_rate/g_semi_parallel_and_smac.g_cntrl[481].cntrl_src[3]           |                                                                                                                             |                2 |             10 |         5.00 |
|  clk_50M_IBUF_BUFG | u_FIR/fir_10k_lowpass/U0/i_synth/g_single_rate.i_single_rate/g_semi_parallel_and_smac.g_cntrl[478].cntrl_src[3]           |                                                                                                                             |                2 |             10 |         5.00 |
|  clk_50M_IBUF_BUFG | u_FIR/fir_10k_lowpass/U0/i_synth/g_single_rate.i_single_rate/g_semi_parallel_and_smac.g_cntrl[485].cntrl_src[3]           |                                                                                                                             |                2 |             10 |         5.00 |
|  clk_50M_IBUF_BUFG | u_FIR/fir_10k_lowpass/U0/i_synth/g_single_rate.i_single_rate/g_semi_parallel_and_smac.g_cntrl[47].cntrl_src[3]            |                                                                                                                             |                2 |             10 |         5.00 |
|  clk_50M_IBUF_BUFG | u_FIR/fir_10k_lowpass/U0/i_synth/g_single_rate.i_single_rate/g_semi_parallel_and_smac.g_cntrl[483].cntrl_src[3]           |                                                                                                                             |                2 |             10 |         5.00 |
|  clk_50M_IBUF_BUFG | u_FIR/fir_10k_lowpass/U0/i_synth/g_single_rate.i_single_rate/g_semi_parallel_and_smac.g_cntrl[479].cntrl_src[3]           |                                                                                                                             |                2 |             10 |         5.00 |
|  clk_50M_IBUF_BUFG | u_FIR/fir_10k_lowpass/U0/i_synth/g_single_rate.i_single_rate/g_semi_parallel_and_smac.g_cntrl[482].cntrl_src[3]           |                                                                                                                             |                2 |             10 |         5.00 |
|  clk_50M_IBUF_BUFG | u_FIR/fir_10k_lowpass/U0/i_synth/g_single_rate.i_single_rate/g_semi_parallel_and_smac.g_cntrl[484].cntrl_src[3]           |                                                                                                                             |                2 |             10 |         5.00 |
|  clk_50M_IBUF_BUFG | u_FIR/fir_10k_lowpass/U0/i_synth/g_single_rate.i_single_rate/g_semi_parallel_and_smac.g_cntrl[477].cntrl_src[3]           |                                                                                                                             |                2 |             10 |         5.00 |
|  clk_50M_IBUF_BUFG | u_FIR/fir_10k_lowpass/U0/i_synth/g_single_rate.i_single_rate/g_semi_parallel_and_smac.g_cntrl[489].cntrl_src[3]           |                                                                                                                             |                2 |             10 |         5.00 |
|  clk_50M_IBUF_BUFG | u_FIR/fir_10k_lowpass/U0/i_synth/g_single_rate.i_single_rate/g_semi_parallel_and_smac.g_cntrl[490].cntrl_src[3]           |                                                                                                                             |                2 |             10 |         5.00 |
|  clk_50M_IBUF_BUFG | u_FIR/fir_10k_lowpass/U0/i_synth/g_single_rate.i_single_rate/g_semi_parallel_and_smac.g_cntrl[491].cntrl_src[3]           |                                                                                                                             |                2 |             10 |         5.00 |
|  clk_50M_IBUF_BUFG | u_FIR/fir_10k_lowpass/U0/i_synth/g_single_rate.i_single_rate/g_semi_parallel_and_smac.g_cntrl[486].cntrl_src[3]           |                                                                                                                             |                2 |             10 |         5.00 |
|  clk_50M_IBUF_BUFG | u_FIR/fir_10k_lowpass/U0/i_synth/g_single_rate.i_single_rate/g_semi_parallel_and_smac.g_cntrl[493].cntrl_src[3]           |                                                                                                                             |                2 |             10 |         5.00 |
|  clk_50M_IBUF_BUFG | u_FIR/fir_10k_lowpass/U0/i_synth/g_single_rate.i_single_rate/g_semi_parallel_and_smac.g_cntrl[488].cntrl_src[3]           |                                                                                                                             |                2 |             10 |         5.00 |
|  clk_50M_IBUF_BUFG | u_FIR/fir_10k_lowpass/U0/i_synth/g_single_rate.i_single_rate/g_semi_parallel_and_smac.g_cntrl[492].cntrl_src[3]           |                                                                                                                             |                2 |             10 |         5.00 |
|  clk_50M_IBUF_BUFG | u_FIR/fir_10k_lowpass/U0/i_synth/g_single_rate.i_single_rate/g_semi_parallel_and_smac.g_cntrl[48].cntrl_src[3]            |                                                                                                                             |                2 |             10 |         5.00 |
|  clk_50M_IBUF_BUFG | u_FIR/fir_10k_lowpass/U0/i_synth/g_single_rate.i_single_rate/g_semi_parallel_and_smac.g_cntrl[487].cntrl_src[3]           |                                                                                                                             |                2 |             10 |         5.00 |
|  clk_50M_IBUF_BUFG | u_FIR/fir_10k_lowpass/U0/i_synth/g_single_rate.i_single_rate/g_semi_parallel_and_smac.g_cntrl[496].cntrl_src[3]           |                                                                                                                             |                2 |             10 |         5.00 |
|  clk_50M_IBUF_BUFG | u_FIR/fir_10k_lowpass/U0/i_synth/g_single_rate.i_single_rate/g_semi_parallel_and_smac.g_cntrl[495].cntrl_src[3]           |                                                                                                                             |                2 |             10 |         5.00 |
|  clk_50M_IBUF_BUFG | u_FIR/fir_10k_lowpass/U0/i_synth/g_single_rate.i_single_rate/g_semi_parallel_and_smac.g_cntrl[494].cntrl_src[3]           |                                                                                                                             |                2 |             10 |         5.00 |
|  clk_50M_IBUF_BUFG | u_FIR/fir_10k_lowpass/U0/i_synth/g_single_rate.i_single_rate/g_semi_parallel_and_smac.g_cntrl[516].cntrl_src[3]           |                                                                                                                             |                2 |             10 |         5.00 |
|  clk_50M_IBUF_BUFG | u_FIR/fir_10k_lowpass/U0/i_synth/g_single_rate.i_single_rate/g_semi_parallel_and_smac.g_cntrl[515].cntrl_src[3]           |                                                                                                                             |                2 |             10 |         5.00 |
|  clk_50M_IBUF_BUFG | u_FIR/fir_10k_lowpass/U0/i_synth/g_single_rate.i_single_rate/g_semi_parallel_and_smac.g_cntrl[513].cntrl_src[3]           |                                                                                                                             |                2 |             10 |         5.00 |
|  clk_50M_IBUF_BUFG | u_FIR/fir_10k_lowpass/U0/i_synth/g_single_rate.i_single_rate/g_semi_parallel_and_smac.g_cntrl[512].cntrl_src[3]           |                                                                                                                             |                2 |             10 |         5.00 |
|  clk_50M_IBUF_BUFG | u_FIR/fir_10k_lowpass/U0/i_synth/g_single_rate.i_single_rate/g_semi_parallel_and_smac.g_cntrl[519].cntrl_src[3]           |                                                                                                                             |                2 |             10 |         5.00 |
|  clk_50M_IBUF_BUFG | u_FIR/fir_10k_lowpass/U0/i_synth/g_single_rate.i_single_rate/g_semi_parallel_and_smac.g_cntrl[514].cntrl_src[3]           |                                                                                                                             |                2 |             10 |         5.00 |
|  clk_50M_IBUF_BUFG | u_FIR/fir_10k_lowpass/U0/i_synth/g_single_rate.i_single_rate/g_semi_parallel_and_smac.g_cntrl[517].cntrl_src[3]           |                                                                                                                             |                2 |             10 |         5.00 |
|  clk_50M_IBUF_BUFG | u_FIR/fir_10k_lowpass/U0/i_synth/g_single_rate.i_single_rate/g_semi_parallel_and_smac.g_cntrl[518].cntrl_src[3]           |                                                                                                                             |                2 |             10 |         5.00 |
|  clk_50M_IBUF_BUFG | u_FIR/fir_10k_lowpass/U0/i_synth/g_single_rate.i_single_rate/g_semi_parallel_and_smac.g_cntrl[523].cntrl_src[3]           |                                                                                                                             |                2 |             10 |         5.00 |
|  clk_50M_IBUF_BUFG | u_FIR/fir_10k_lowpass/U0/i_synth/g_single_rate.i_single_rate/g_semi_parallel_and_smac.g_cntrl[51].cntrl_src[3]            |                                                                                                                             |                2 |             10 |         5.00 |
|  clk_50M_IBUF_BUFG | u_FIR/fir_10k_lowpass/U0/i_synth/g_single_rate.i_single_rate/g_semi_parallel_and_smac.g_cntrl[522].cntrl_src[3]           |                                                                                                                             |                2 |             10 |         5.00 |
|  clk_50M_IBUF_BUFG | u_FIR/fir_10k_lowpass/U0/i_synth/g_single_rate.i_single_rate/g_semi_parallel_and_smac.g_cntrl[526].cntrl_src[3]           |                                                                                                                             |                2 |             10 |         5.00 |
|  clk_50M_IBUF_BUFG | u_FIR/fir_10k_lowpass/U0/i_synth/g_single_rate.i_single_rate/g_semi_parallel_and_smac.g_cntrl[527].cntrl_src[3]           |                                                                                                                             |                2 |             10 |         5.00 |
|  clk_50M_IBUF_BUFG | u_FIR/fir_10k_lowpass/U0/i_synth/g_single_rate.i_single_rate/g_semi_parallel_and_smac.g_cntrl[521].cntrl_src[3]           |                                                                                                                             |                2 |             10 |         5.00 |
|  clk_50M_IBUF_BUFG | u_FIR/fir_10k_lowpass/U0/i_synth/g_single_rate.i_single_rate/g_semi_parallel_and_smac.g_cntrl[520].cntrl_src[3]           |                                                                                                                             |                2 |             10 |         5.00 |
|  clk_50M_IBUF_BUFG | u_FIR/fir_10k_lowpass/U0/i_synth/g_single_rate.i_single_rate/g_semi_parallel_and_smac.g_cntrl[528].cntrl_src[3]           |                                                                                                                             |                2 |             10 |         5.00 |
|  clk_50M_IBUF_BUFG | u_FIR/fir_10k_lowpass/U0/i_synth/g_single_rate.i_single_rate/g_semi_parallel_and_smac.g_cntrl[525].cntrl_src[3]           |                                                                                                                             |                2 |             10 |         5.00 |
|  clk_50M_IBUF_BUFG | u_FIR/fir_10k_lowpass/U0/i_synth/g_single_rate.i_single_rate/g_semi_parallel_and_smac.g_cntrl[524].cntrl_src[3]           |                                                                                                                             |                2 |             10 |         5.00 |
|  clk_50M_IBUF_BUFG | u_FIR/fir_10k_lowpass/U0/i_synth/g_single_rate.i_single_rate/g_semi_parallel_and_smac.g_cntrl[534].cntrl_src[3]           |                                                                                                                             |                2 |             10 |         5.00 |
|  clk_50M_IBUF_BUFG | u_FIR/fir_10k_lowpass/U0/i_synth/g_single_rate.i_single_rate/g_semi_parallel_and_smac.g_cntrl[533].cntrl_src[3]           |                                                                                                                             |                2 |             10 |         5.00 |
|  clk_50M_IBUF_BUFG | u_FIR/fir_10k_lowpass/U0/i_synth/g_single_rate.i_single_rate/g_semi_parallel_and_smac.g_cntrl[52].cntrl_src[3]            |                                                                                                                             |                2 |             10 |         5.00 |
|  clk_50M_IBUF_BUFG | u_FIR/fir_10k_lowpass/U0/i_synth/g_single_rate.i_single_rate/g_semi_parallel_and_smac.g_cntrl[529].cntrl_src[3]           |                                                                                                                             |                2 |             10 |         5.00 |
|  clk_50M_IBUF_BUFG | u_FIR/fir_10k_lowpass/U0/i_synth/g_single_rate.i_single_rate/g_semi_parallel_and_smac.g_cntrl[532].cntrl_src[3]           |                                                                                                                             |                2 |             10 |         5.00 |
|  clk_50M_IBUF_BUFG | u_FIR/fir_10k_lowpass/U0/i_synth/g_single_rate.i_single_rate/g_semi_parallel_and_smac.g_cntrl[531].cntrl_src[3]           |                                                                                                                             |                2 |             10 |         5.00 |
|  clk_50M_IBUF_BUFG | u_FIR/fir_10k_lowpass/U0/i_synth/g_single_rate.i_single_rate/g_semi_parallel_and_smac.g_cntrl[530].cntrl_src[3]           |                                                                                                                             |                2 |             10 |         5.00 |
|  clk_50M_IBUF_BUFG | u_FIR/fir_10k_lowpass/U0/i_synth/g_single_rate.i_single_rate/g_semi_parallel_and_smac.g_cntrl[535].cntrl_src[3]           |                                                                                                                             |                2 |             10 |         5.00 |
|  clk_50M_IBUF_BUFG | u_FIR/fir_10k_lowpass/U0/i_synth/g_single_rate.i_single_rate/g_semi_parallel_and_smac.g_cntrl[536].cntrl_src[3]           |                                                                                                                             |                2 |             10 |         5.00 |
|  clk_50M_IBUF_BUFG | u_FIR/fir_10k_lowpass/U0/i_synth/g_single_rate.i_single_rate/g_semi_parallel_and_smac.g_cntrl[542].cntrl_src[3]           |                                                                                                                             |                2 |             10 |         5.00 |
|  clk_50M_IBUF_BUFG | u_FIR/fir_10k_lowpass/U0/i_synth/g_single_rate.i_single_rate/g_semi_parallel_and_smac.g_cntrl[539].cntrl_src[3]           |                                                                                                                             |                2 |             10 |         5.00 |
|  clk_50M_IBUF_BUFG | u_FIR/fir_10k_lowpass/U0/i_synth/g_single_rate.i_single_rate/g_semi_parallel_and_smac.g_cntrl[545].cntrl_src[3]           |                                                                                                                             |                2 |             10 |         5.00 |
|  clk_50M_IBUF_BUFG | u_FIR/fir_10k_lowpass/U0/i_synth/g_single_rate.i_single_rate/g_semi_parallel_and_smac.g_cntrl[538].cntrl_src[3]           |                                                                                                                             |                2 |             10 |         5.00 |
|  clk_50M_IBUF_BUFG | u_FIR/fir_10k_lowpass/U0/i_synth/g_single_rate.i_single_rate/g_semi_parallel_and_smac.g_cntrl[537].cntrl_src[3]           |                                                                                                                             |                2 |             10 |         5.00 |
|  clk_50M_IBUF_BUFG | u_FIR/fir_10k_lowpass/U0/i_synth/g_single_rate.i_single_rate/g_semi_parallel_and_smac.g_cntrl[544].cntrl_src[3]           |                                                                                                                             |                2 |             10 |         5.00 |
|  clk_50M_IBUF_BUFG | u_FIR/fir_10k_lowpass/U0/i_synth/g_single_rate.i_single_rate/g_semi_parallel_and_smac.g_cntrl[541].cntrl_src[3]           |                                                                                                                             |                2 |             10 |         5.00 |
|  clk_50M_IBUF_BUFG | u_FIR/fir_10k_lowpass/U0/i_synth/g_single_rate.i_single_rate/g_semi_parallel_and_smac.g_cntrl[53].cntrl_src[3]            |                                                                                                                             |                2 |             10 |         5.00 |
|  clk_50M_IBUF_BUFG | u_FIR/fir_10k_lowpass/U0/i_synth/g_single_rate.i_single_rate/g_semi_parallel_and_smac.g_cntrl[543].cntrl_src[3]           |                                                                                                                             |                2 |             10 |         5.00 |
|  clk_50M_IBUF_BUFG | u_FIR/fir_10k_lowpass/U0/i_synth/g_single_rate.i_single_rate/g_semi_parallel_and_smac.g_cntrl[54].cntrl_src[3]            |                                                                                                                             |                2 |             10 |         5.00 |
|  clk_50M_IBUF_BUFG | u_FIR/fir_10k_lowpass/U0/i_synth/g_single_rate.i_single_rate/g_semi_parallel_and_smac.g_cntrl[552].cntrl_src[3]           |                                                                                                                             |                2 |             10 |         5.00 |
|  clk_50M_IBUF_BUFG | u_FIR/fir_10k_lowpass/U0/i_synth/g_single_rate.i_single_rate/g_semi_parallel_and_smac.g_cntrl[551].cntrl_src[3]           |                                                                                                                             |                2 |             10 |         5.00 |
|  clk_50M_IBUF_BUFG | u_FIR/fir_10k_lowpass/U0/i_synth/g_single_rate.i_single_rate/g_semi_parallel_and_smac.g_cntrl[546].cntrl_src[3]           |                                                                                                                             |                2 |             10 |         5.00 |
|  clk_50M_IBUF_BUFG | u_FIR/fir_10k_lowpass/U0/i_synth/g_single_rate.i_single_rate/g_semi_parallel_and_smac.g_cntrl[549].cntrl_src[3]           |                                                                                                                             |                2 |             10 |         5.00 |
|  clk_50M_IBUF_BUFG | u_FIR/fir_10k_lowpass/U0/i_synth/g_single_rate.i_single_rate/g_semi_parallel_and_smac.g_cntrl[553].cntrl_src[3]           |                                                                                                                             |                2 |             10 |         5.00 |
|  clk_50M_IBUF_BUFG | u_FIR/fir_10k_lowpass/U0/i_synth/g_single_rate.i_single_rate/g_semi_parallel_and_smac.g_cntrl[547].cntrl_src[3]           |                                                                                                                             |                2 |             10 |         5.00 |
|  clk_50M_IBUF_BUFG | u_FIR/fir_10k_lowpass/U0/i_synth/g_single_rate.i_single_rate/g_semi_parallel_and_smac.g_cntrl[548].cntrl_src[3]           |                                                                                                                             |                2 |             10 |         5.00 |
|  clk_50M_IBUF_BUFG | u_FIR/fir_10k_lowpass/U0/i_synth/g_single_rate.i_single_rate/g_semi_parallel_and_smac.g_cntrl[550].cntrl_src[3]           |                                                                                                                             |                2 |             10 |         5.00 |
|  clk_50M_IBUF_BUFG | u_FIR/fir_10k_lowpass/U0/i_synth/g_single_rate.i_single_rate/g_semi_parallel_and_smac.g_cntrl[561].cntrl_src[3]           |                                                                                                                             |                2 |             10 |         5.00 |
|  clk_50M_IBUF_BUFG | u_FIR/fir_10k_lowpass/U0/i_synth/g_single_rate.i_single_rate/g_semi_parallel_and_smac.g_cntrl[557].cntrl_src[3]           |                                                                                                                             |                2 |             10 |         5.00 |
|  clk_50M_IBUF_BUFG | u_FIR/fir_10k_lowpass/U0/i_synth/g_single_rate.i_single_rate/g_semi_parallel_and_smac.g_cntrl[556].cntrl_src[3]           |                                                                                                                             |                2 |             10 |         5.00 |
|  clk_50M_IBUF_BUFG | u_FIR/fir_10k_lowpass/U0/i_synth/g_single_rate.i_single_rate/g_semi_parallel_and_smac.g_cntrl[554].cntrl_src[3]           |                                                                                                                             |                2 |             10 |         5.00 |
|  clk_50M_IBUF_BUFG | u_FIR/fir_10k_lowpass/U0/i_synth/g_single_rate.i_single_rate/g_semi_parallel_and_smac.g_cntrl[555].cntrl_src[3]           |                                                                                                                             |                2 |             10 |         5.00 |
|  clk_50M_IBUF_BUFG | u_FIR/fir_10k_lowpass/U0/i_synth/g_single_rate.i_single_rate/g_semi_parallel_and_smac.g_cntrl[558].cntrl_src[3]           |                                                                                                                             |                2 |             10 |         5.00 |
|  clk_50M_IBUF_BUFG | u_FIR/fir_10k_lowpass/U0/i_synth/g_single_rate.i_single_rate/g_semi_parallel_and_smac.g_cntrl[560].cntrl_src[3]           |                                                                                                                             |                2 |             10 |         5.00 |
|  clk_50M_IBUF_BUFG | u_FIR/fir_10k_lowpass/U0/i_synth/g_single_rate.i_single_rate/g_semi_parallel_and_smac.g_cntrl[559].cntrl_src[3]           |                                                                                                                             |                2 |             10 |         5.00 |
|  clk_50M_IBUF_BUFG | u_FIR/fir_10k_lowpass/U0/i_synth/g_single_rate.i_single_rate/g_semi_parallel_and_smac.g_cntrl[55].cntrl_src[3]            |                                                                                                                             |                2 |             10 |         5.00 |
|  clk_50M_IBUF_BUFG | u_FIR/fir_10k_lowpass/U0/i_synth/g_single_rate.i_single_rate/g_semi_parallel_and_smac.g_cntrl[562].cntrl_src[3]           |                                                                                                                             |                2 |             10 |         5.00 |
|  clk_50M_IBUF_BUFG | u_FIR/fir_10k_lowpass/U0/i_synth/g_single_rate.i_single_rate/g_semi_parallel_and_smac.g_cntrl[56].cntrl_src[3]            |                                                                                                                             |                2 |             10 |         5.00 |
|  clk_50M_IBUF_BUFG | u_FIR/fir_10k_lowpass/U0/i_synth/g_single_rate.i_single_rate/g_semi_parallel_and_smac.g_cntrl[567].cntrl_src[3]           |                                                                                                                             |                2 |             10 |         5.00 |
|  clk_50M_IBUF_BUFG | u_FIR/fir_10k_lowpass/U0/i_synth/g_single_rate.i_single_rate/g_semi_parallel_and_smac.g_cntrl[565].cntrl_src[3]           |                                                                                                                             |                2 |             10 |         5.00 |
|  clk_50M_IBUF_BUFG | u_FIR/fir_10k_lowpass/U0/i_synth/g_single_rate.i_single_rate/g_semi_parallel_and_smac.g_cntrl[568].cntrl_src[3]           |                                                                                                                             |                2 |             10 |         5.00 |
|  clk_50M_IBUF_BUFG | u_FIR/fir_10k_lowpass/U0/i_synth/g_single_rate.i_single_rate/g_semi_parallel_and_smac.g_cntrl[569].cntrl_src[3]           |                                                                                                                             |                2 |             10 |         5.00 |
|  clk_50M_IBUF_BUFG | u_FIR/fir_10k_lowpass/U0/i_synth/g_single_rate.i_single_rate/g_semi_parallel_and_smac.g_cntrl[563].cntrl_src[3]           |                                                                                                                             |                2 |             10 |         5.00 |
|  clk_50M_IBUF_BUFG | u_FIR/fir_10k_lowpass/U0/i_synth/g_single_rate.i_single_rate/g_semi_parallel_and_smac.g_cntrl[564].cntrl_src[3]           |                                                                                                                             |                2 |             10 |         5.00 |
|  clk_50M_IBUF_BUFG | u_FIR/fir_10k_lowpass/U0/i_synth/g_single_rate.i_single_rate/g_semi_parallel_and_smac.g_cntrl[566].cntrl_src[3]           |                                                                                                                             |                2 |             10 |         5.00 |
|  clk_50M_IBUF_BUFG | u_FIR/fir_10k_lowpass/U0/i_synth/g_single_rate.i_single_rate/g_semi_parallel_and_smac.g_cntrl[575].cntrl_src[3]           |                                                                                                                             |                2 |             10 |         5.00 |
|  clk_50M_IBUF_BUFG | u_FIR/fir_10k_lowpass/U0/i_synth/g_single_rate.i_single_rate/g_semi_parallel_and_smac.g_cntrl[577].cntrl_src[3]           |                                                                                                                             |                2 |             10 |         5.00 |
|  clk_50M_IBUF_BUFG | u_FIR/fir_10k_lowpass/U0/i_synth/g_single_rate.i_single_rate/g_semi_parallel_and_smac.g_cntrl[573].cntrl_src[3]           |                                                                                                                             |                2 |             10 |         5.00 |
|  clk_50M_IBUF_BUFG | u_FIR/fir_10k_lowpass/U0/i_synth/g_single_rate.i_single_rate/g_semi_parallel_and_smac.g_cntrl[574].cntrl_src[3]           |                                                                                                                             |                2 |             10 |         5.00 |
|  clk_50M_IBUF_BUFG | u_FIR/fir_10k_lowpass/U0/i_synth/g_single_rate.i_single_rate/g_semi_parallel_and_smac.g_cntrl[570].cntrl_src[3]           |                                                                                                                             |                2 |             10 |         5.00 |
|  clk_50M_IBUF_BUFG | u_FIR/fir_10k_lowpass/U0/i_synth/g_single_rate.i_single_rate/g_semi_parallel_and_smac.g_cntrl[578].cntrl_src[3]           |                                                                                                                             |                2 |             10 |         5.00 |
|  clk_50M_IBUF_BUFG | u_FIR/fir_10k_lowpass/U0/i_synth/g_single_rate.i_single_rate/g_semi_parallel_and_smac.g_cntrl[571].cntrl_src[3]           |                                                                                                                             |                2 |             10 |         5.00 |
|  clk_50M_IBUF_BUFG | u_FIR/fir_10k_lowpass/U0/i_synth/g_single_rate.i_single_rate/g_semi_parallel_and_smac.g_cntrl[576].cntrl_src[3]           |                                                                                                                             |                2 |             10 |         5.00 |
|  clk_50M_IBUF_BUFG | u_FIR/fir_10k_lowpass/U0/i_synth/g_single_rate.i_single_rate/g_semi_parallel_and_smac.g_cntrl[572].cntrl_src[3]           |                                                                                                                             |                2 |             10 |         5.00 |
|  clk_50M_IBUF_BUFG | u_FIR/fir_10k_lowpass/U0/i_synth/g_single_rate.i_single_rate/g_semi_parallel_and_smac.g_cntrl[583].cntrl_src[3]           |                                                                                                                             |                2 |             10 |         5.00 |
|  clk_50M_IBUF_BUFG | u_FIR/fir_10k_lowpass/U0/i_synth/g_single_rate.i_single_rate/g_semi_parallel_and_smac.g_cntrl[585].cntrl_src[3]           |                                                                                                                             |                2 |             10 |         5.00 |
|  clk_50M_IBUF_BUFG | u_FIR/fir_10k_lowpass/U0/i_synth/g_single_rate.i_single_rate/g_semi_parallel_and_smac.g_cntrl[586].cntrl_src[3]           |                                                                                                                             |                2 |             10 |         5.00 |
|  clk_50M_IBUF_BUFG | u_FIR/fir_10k_lowpass/U0/i_synth/g_single_rate.i_single_rate/g_semi_parallel_and_smac.g_cntrl[587].cntrl_src[3]           |                                                                                                                             |                2 |             10 |         5.00 |
|  clk_50M_IBUF_BUFG | u_FIR/fir_10k_lowpass/U0/i_synth/g_single_rate.i_single_rate/g_semi_parallel_and_smac.g_cntrl[580].cntrl_src[3]           |                                                                                                                             |                2 |             10 |         5.00 |
|  clk_50M_IBUF_BUFG | u_FIR/fir_10k_lowpass/U0/i_synth/g_single_rate.i_single_rate/g_semi_parallel_and_smac.g_cntrl[584].cntrl_src[3]           |                                                                                                                             |                2 |             10 |         5.00 |
|  clk_50M_IBUF_BUFG | u_FIR/fir_10k_lowpass/U0/i_synth/g_single_rate.i_single_rate/g_semi_parallel_and_smac.g_cntrl[57].cntrl_src[3]            |                                                                                                                             |                2 |             10 |         5.00 |
|  clk_50M_IBUF_BUFG | u_FIR/fir_10k_lowpass/U0/i_synth/g_single_rate.i_single_rate/g_semi_parallel_and_smac.g_cntrl[582].cntrl_src[3]           |                                                                                                                             |                2 |             10 |         5.00 |
|  clk_50M_IBUF_BUFG | u_FIR/fir_10k_lowpass/U0/i_synth/g_single_rate.i_single_rate/g_semi_parallel_and_smac.g_cntrl[581].cntrl_src[3]           |                                                                                                                             |                2 |             10 |         5.00 |
|  clk_50M_IBUF_BUFG | u_FIR/fir_10k_lowpass/U0/i_synth/g_single_rate.i_single_rate/g_semi_parallel_and_smac.g_cntrl[579].cntrl_src[3]           |                                                                                                                             |                2 |             10 |         5.00 |
|  clk_50M_IBUF_BUFG | u_FIR/fir_10k_lowpass/U0/i_synth/g_single_rate.i_single_rate/g_semi_parallel_and_smac.g_cntrl[594].cntrl_src[3]           |                                                                                                                             |                2 |             10 |         5.00 |
|  clk_50M_IBUF_BUFG | u_FIR/fir_10k_lowpass/U0/i_synth/g_single_rate.i_single_rate/g_semi_parallel_and_smac.g_cntrl[593].cntrl_src[3]           |                                                                                                                             |                2 |             10 |         5.00 |
|  clk_50M_IBUF_BUFG | u_FIR/fir_10k_lowpass/U0/i_synth/g_single_rate.i_single_rate/g_semi_parallel_and_smac.g_cntrl[595].cntrl_src[3]           |                                                                                                                             |                2 |             10 |         5.00 |
|  clk_50M_IBUF_BUFG | u_FIR/fir_10k_lowpass/U0/i_synth/g_single_rate.i_single_rate/g_semi_parallel_and_smac.g_cntrl[58].cntrl_src[3]            |                                                                                                                             |                2 |             10 |         5.00 |
|  clk_50M_IBUF_BUFG | u_FIR/fir_10k_lowpass/U0/i_synth/g_single_rate.i_single_rate/g_semi_parallel_and_smac.g_cntrl[589].cntrl_src[3]           |                                                                                                                             |                2 |             10 |         5.00 |
|  clk_50M_IBUF_BUFG | u_FIR/fir_10k_lowpass/U0/i_synth/g_single_rate.i_single_rate/g_semi_parallel_and_smac.g_cntrl[588].cntrl_src[3]           |                                                                                                                             |                2 |             10 |         5.00 |
|  clk_50M_IBUF_BUFG | u_FIR/fir_10k_lowpass/U0/i_synth/g_single_rate.i_single_rate/g_semi_parallel_and_smac.g_cntrl[591].cntrl_src[3]           |                                                                                                                             |                2 |             10 |         5.00 |
|  clk_50M_IBUF_BUFG | u_FIR/fir_10k_lowpass/U0/i_synth/g_single_rate.i_single_rate/g_semi_parallel_and_smac.g_cntrl[592].cntrl_src[3]           |                                                                                                                             |                2 |             10 |         5.00 |
|  clk_50M_IBUF_BUFG | u_FIR/fir_10k_lowpass/U0/i_synth/g_single_rate.i_single_rate/g_semi_parallel_and_smac.g_cntrl[590].cntrl_src[3]           |                                                                                                                             |                2 |             10 |         5.00 |
|  clk_50M_IBUF_BUFG | u_FIR/fir_10k_lowpass/U0/i_synth/g_single_rate.i_single_rate/g_semi_parallel_and_smac.g_cntrl[599].cntrl_src[3]           |                                                                                                                             |                2 |             10 |         5.00 |
|  clk_50M_IBUF_BUFG | u_FIR/fir_10k_lowpass/U0/i_synth/g_single_rate.i_single_rate/g_semi_parallel_and_smac.g_cntrl[597].cntrl_src[3]           |                                                                                                                             |                2 |             10 |         5.00 |
|  clk_50M_IBUF_BUFG | u_FIR/fir_10k_lowpass/U0/i_synth/g_single_rate.i_single_rate/g_semi_parallel_and_smac.g_cntrl[5].cntrl_src[3]             |                                                                                                                             |                2 |             10 |         5.00 |
|  clk_50M_IBUF_BUFG | u_FIR/fir_10k_lowpass/U0/i_synth/g_single_rate.i_single_rate/g_semi_parallel_and_smac.g_cntrl[598].cntrl_src[3]           |                                                                                                                             |                2 |             10 |         5.00 |
|  clk_50M_IBUF_BUFG | u_FIR/fir_10k_lowpass/U0/i_synth/g_single_rate.i_single_rate/g_semi_parallel_and_smac.g_cntrl[61].cntrl_src[3]            |                                                                                                                             |                2 |             10 |         5.00 |
|  clk_50M_IBUF_BUFG | u_FIR/fir_10k_lowpass/U0/i_synth/g_single_rate.i_single_rate/g_semi_parallel_and_smac.g_cntrl[596].cntrl_src[3]           |                                                                                                                             |                2 |             10 |         5.00 |
|  clk_50M_IBUF_BUFG | u_FIR/fir_10k_lowpass/U0/i_synth/g_single_rate.i_single_rate/g_semi_parallel_and_smac.g_cntrl[59].cntrl_src[3]            |                                                                                                                             |                2 |             10 |         5.00 |
|  clk_50M_IBUF_BUFG | u_FIR/fir_10k_lowpass/U0/i_synth/g_single_rate.i_single_rate/g_semi_parallel_and_smac.g_cntrl[60].cntrl_src[3]            |                                                                                                                             |                2 |             10 |         5.00 |
|  clk_50M_IBUF_BUFG | u_FIR/fir_10k_lowpass/U0/i_synth/g_single_rate.i_single_rate/g_semi_parallel_and_smac.g_cntrl[600].cntrl_src[3]           |                                                                                                                             |                2 |             10 |         5.00 |
|  clk_50M_IBUF_BUFG | u_FIR/fir_10k_lowpass/U0/i_synth/g_single_rate.i_single_rate/g_semi_parallel_and_smac.g_cntrl[67].cntrl_src[3]            |                                                                                                                             |                2 |             10 |         5.00 |
|  clk_50M_IBUF_BUFG | u_FIR/fir_10k_lowpass/U0/i_synth/g_single_rate.i_single_rate/g_semi_parallel_and_smac.g_cntrl[66].cntrl_src[3]            |                                                                                                                             |                2 |             10 |         5.00 |
|  clk_50M_IBUF_BUFG | u_FIR/fir_10k_lowpass/U0/i_synth/g_single_rate.i_single_rate/g_semi_parallel_and_smac.g_cntrl[68].cntrl_src[3]            |                                                                                                                             |                2 |             10 |         5.00 |
|  clk_50M_IBUF_BUFG | u_FIR/fir_10k_lowpass/U0/i_synth/g_single_rate.i_single_rate/g_semi_parallel_and_smac.g_cntrl[6].cntrl_src[3]             |                                                                                                                             |                2 |             10 |         5.00 |
|  clk_50M_IBUF_BUFG | u_FIR/fir_10k_lowpass/U0/i_synth/g_single_rate.i_single_rate/g_semi_parallel_and_smac.g_cntrl[65].cntrl_src[3]            |                                                                                                                             |                2 |             10 |         5.00 |
|  clk_50M_IBUF_BUFG | u_FIR/fir_10k_lowpass/U0/i_synth/g_single_rate.i_single_rate/g_semi_parallel_and_smac.g_cntrl[64].cntrl_src[3]            |                                                                                                                             |                2 |             10 |         5.00 |
|  clk_50M_IBUF_BUFG | u_FIR/fir_10k_lowpass/U0/i_synth/g_single_rate.i_single_rate/g_semi_parallel_and_smac.g_cntrl[62].cntrl_src[3]            |                                                                                                                             |                2 |             10 |         5.00 |
|  clk_50M_IBUF_BUFG | u_FIR/fir_10k_lowpass/U0/i_synth/g_single_rate.i_single_rate/g_semi_parallel_and_smac.g_cntrl[69].cntrl_src[3]            |                                                                                                                             |                2 |             10 |         5.00 |
|  clk_50M_IBUF_BUFG | u_FIR/fir_10k_lowpass/U0/i_synth/g_single_rate.i_single_rate/g_semi_parallel_and_smac.g_cntrl[63].cntrl_src[3]            |                                                                                                                             |                2 |             10 |         5.00 |
|  clk_50M_IBUF_BUFG | u_FIR/fir_10k_lowpass/U0/i_synth/g_single_rate.i_single_rate/g_semi_parallel_and_smac.g_cntrl[78].cntrl_src[3]            |                                                                                                                             |                2 |             10 |         5.00 |
|  clk_50M_IBUF_BUFG | u_FIR/fir_10k_lowpass/U0/i_synth/g_single_rate.i_single_rate/g_semi_parallel_and_smac.g_cntrl[70].cntrl_src[3]            |                                                                                                                             |                2 |             10 |         5.00 |
|  clk_50M_IBUF_BUFG | u_FIR/fir_10k_lowpass/U0/i_synth/g_single_rate.i_single_rate/g_semi_parallel_and_smac.g_cntrl[71].cntrl_src[3]            |                                                                                                                             |                2 |             10 |         5.00 |
|  clk_50M_IBUF_BUFG | u_FIR/fir_10k_lowpass/U0/i_synth/g_single_rate.i_single_rate/g_semi_parallel_and_smac.g_cntrl[72].cntrl_src[3]            |                                                                                                                             |                2 |             10 |         5.00 |
|  clk_50M_IBUF_BUFG | u_FIR/fir_10k_lowpass/U0/i_synth/g_single_rate.i_single_rate/g_semi_parallel_and_smac.g_cntrl[73].cntrl_src[3]            |                                                                                                                             |                2 |             10 |         5.00 |
|  clk_50M_IBUF_BUFG | u_FIR/fir_10k_lowpass/U0/i_synth/g_single_rate.i_single_rate/g_semi_parallel_and_smac.g_cntrl[75].cntrl_src[3]            |                                                                                                                             |                2 |             10 |         5.00 |
|  clk_50M_IBUF_BUFG | u_FIR/fir_10k_lowpass/U0/i_synth/g_single_rate.i_single_rate/g_semi_parallel_and_smac.g_cntrl[76].cntrl_src[3]            |                                                                                                                             |                2 |             10 |         5.00 |
|  clk_50M_IBUF_BUFG | u_FIR/fir_10k_lowpass/U0/i_synth/g_single_rate.i_single_rate/g_semi_parallel_and_smac.g_cntrl[77].cntrl_src[3]            |                                                                                                                             |                2 |             10 |         5.00 |
|  clk_50M_IBUF_BUFG | u_FIR/fir_10k_lowpass/U0/i_synth/g_single_rate.i_single_rate/g_semi_parallel_and_smac.g_cntrl[74].cntrl_src[3]            |                                                                                                                             |                2 |             10 |         5.00 |
|  clk_50M_IBUF_BUFG | u_FIR/fir_10k_lowpass/U0/i_synth/g_single_rate.i_single_rate/g_semi_parallel_and_smac.g_cntrl[79].cntrl_src[3]            |                                                                                                                             |                2 |             10 |         5.00 |
|  clk_50M_IBUF_BUFG | u_FIR/fir_10k_lowpass/U0/i_synth/g_single_rate.i_single_rate/g_semi_parallel_and_smac.g_cntrl[82].cntrl_src[3]            |                                                                                                                             |                2 |             10 |         5.00 |
|  clk_50M_IBUF_BUFG | u_FIR/fir_10k_lowpass/U0/i_synth/g_single_rate.i_single_rate/g_semi_parallel_and_smac.g_cntrl[85].cntrl_src[3]            |                                                                                                                             |                2 |             10 |         5.00 |
|  clk_50M_IBUF_BUFG | u_FIR/fir_10k_lowpass/U0/i_synth/g_single_rate.i_single_rate/g_semi_parallel_and_smac.g_cntrl[83].cntrl_src[3]            |                                                                                                                             |                2 |             10 |         5.00 |
|  clk_50M_IBUF_BUFG | u_FIR/fir_10k_lowpass/U0/i_synth/g_single_rate.i_single_rate/g_semi_parallel_and_smac.g_cntrl[84].cntrl_src[3]            |                                                                                                                             |                2 |             10 |         5.00 |
|  clk_50M_IBUF_BUFG | u_FIR/fir_10k_lowpass/U0/i_synth/g_single_rate.i_single_rate/g_semi_parallel_and_smac.g_cntrl[7].cntrl_src[3]             |                                                                                                                             |                2 |             10 |         5.00 |
|  clk_50M_IBUF_BUFG | u_FIR/fir_10k_lowpass/U0/i_synth/g_single_rate.i_single_rate/g_semi_parallel_and_smac.g_cntrl[86].cntrl_src[3]            |                                                                                                                             |                2 |             10 |         5.00 |
|  clk_50M_IBUF_BUFG | u_FIR/fir_10k_lowpass/U0/i_synth/g_single_rate.i_single_rate/g_semi_parallel_and_smac.g_cntrl[81].cntrl_src[3]            |                                                                                                                             |                2 |             10 |         5.00 |
|  clk_50M_IBUF_BUFG | u_FIR/fir_10k_lowpass/U0/i_synth/g_single_rate.i_single_rate/g_semi_parallel_and_smac.g_cntrl[80].cntrl_src[3]            |                                                                                                                             |                2 |             10 |         5.00 |
|  clk_50M_IBUF_BUFG | u_FIR/fir_10k_lowpass/U0/i_synth/g_single_rate.i_single_rate/g_semi_parallel_and_smac.g_cntrl[89].cntrl_src[3]            |                                                                                                                             |                2 |             10 |         5.00 |
|  clk_50M_IBUF_BUFG | u_FIR/fir_10k_lowpass/U0/i_synth/g_single_rate.i_single_rate/g_semi_parallel_and_smac.g_cntrl[87].cntrl_src[3]            |                                                                                                                             |                2 |             10 |         5.00 |
|  clk_50M_IBUF_BUFG | u_FIR/fir_10k_lowpass/U0/i_synth/g_single_rate.i_single_rate/g_semi_parallel_and_smac.g_cntrl[91].cntrl_src[3]            |                                                                                                                             |                2 |             10 |         5.00 |
|  clk_50M_IBUF_BUFG | u_FIR/fir_10k_lowpass/U0/i_synth/g_single_rate.i_single_rate/g_semi_parallel_and_smac.g_cntrl[93].cntrl_src[3]            |                                                                                                                             |                2 |             10 |         5.00 |
|  clk_50M_IBUF_BUFG | u_FIR/fir_10k_lowpass/U0/i_synth/g_single_rate.i_single_rate/g_semi_parallel_and_smac.g_cntrl[88].cntrl_src[3]            |                                                                                                                             |                2 |             10 |         5.00 |
|  clk_50M_IBUF_BUFG | u_FIR/fir_10k_lowpass/U0/i_synth/g_single_rate.i_single_rate/g_semi_parallel_and_smac.g_cntrl[94].cntrl_src[3]            |                                                                                                                             |                2 |             10 |         5.00 |
|  clk_50M_IBUF_BUFG | u_FIR/fir_10k_lowpass/U0/i_synth/g_single_rate.i_single_rate/g_semi_parallel_and_smac.g_cntrl[90].cntrl_src[3]            |                                                                                                                             |                2 |             10 |         5.00 |
|  clk_50M_IBUF_BUFG | u_FIR/fir_10k_lowpass/U0/i_synth/g_single_rate.i_single_rate/g_semi_parallel_and_smac.g_cntrl[8].cntrl_src[3]             |                                                                                                                             |                2 |             10 |         5.00 |
|  clk_50M_IBUF_BUFG | u_FIR/fir_10k_lowpass/U0/i_synth/g_single_rate.i_single_rate/g_semi_parallel_and_smac.g_cntrl[92].cntrl_src[3]            |                                                                                                                             |                2 |             10 |         5.00 |
|  clk_50M_IBUF_BUFG | u_FIR/fir_10k_lowpass/U0/i_synth/g_single_rate.i_single_rate/g_semi_parallel_and_smac.g_cntrl[96].cntrl_src[3]            |                                                                                                                             |                2 |             10 |         5.00 |
|  clk_50M_IBUF_BUFG | u_FIR/fir_10k_lowpass/U0/i_synth/g_single_rate.i_single_rate/g_semi_parallel_and_smac.g_cntrl[9].cntrl_src[3]             |                                                                                                                             |                2 |             10 |         5.00 |
|  clk_50M_IBUF_BUFG | u_FIR/fir_clk_reg_n_0                                                                                                     | u_FIR/cnt[31]_i_2_n_0                                                                                                       |                5 |             14 |         2.80 |
|  clk_50M_IBUF_BUFG | u_FIR/fir_10k_lowpass/U0/i_synth/g_single_rate.i_single_rate/g_semi_parallel_and_smac.i_latch_op/latch_op                 |                                                                                                                             |                4 |             14 |         3.50 |
|  clk_50M_IBUF_BUFG |                                                                                                                           | u_FIR/cnt[31]_i_2_n_0                                                                                                       |               11 |             33 |         3.00 |
|  clk_50M_IBUF_BUFG |                                                                                                                           |                                                                                                                             |             3177 |          14616 |         4.60 |
+--------------------+---------------------------------------------------------------------------------------------------------------------------+-----------------------------------------------------------------------------------------------------------------------------+------------------+----------------+--------------+


